===== mode=dynamic repeat=3 =====
switches: DISABLE_DLB= CUDA_AWARE=1
          SCHEDULE= TASK_ORDER=
          REACTION_SCHED=dynamic COST_GATE=
          PROBE=
Total process: 1
Input ctrl file is:./input/ctrl-onetoone-nk32-full-r1.txt
Final-Time	8.5e-05
cfl	0
dt	3e-08
count	1
gridname	./input/grid-3dRSBI-nk32.txt
initialization	./input/input-3dRSBI.txt
reaction-model	./input/H2_JA919.txt
Thermofile	./input/thermo.dat
reaction	Trapezoid-Adaptive
difference	MUSCL_2
time-adv	EE
m_block_x	1
m_block_y	1
m_block_z	1
num_thread	1
DLB_step	5
DLB_tol	0.001
目录结构创建成功: ./output_1
total_ni	281
xa	0
xb	0.17
total_nj	141
ya	0
yb	0.08
total_nk	32
za	0
zb	0.02
bc	2
NS	9
NR	19
P_pre	101325
T_pre	1000
M_wave	3
NS	9
NR	19
P_pre	101325
T_pre	1000
M_wave	3
0	0	0	0	1	2	0	0	3.76	
0	0	0	0	1	2	0	0	3.76	
GPU mapping: world_rank=0 local_rank=0 -> device=0/1 (NVIDIA L40S)
GPU reaction DLB: single-rank bypass (step=0 tol=0.001); step sync: deferred
GPU Iteration: 1  dt=3e-08  t=3e-08
GPU Iteration: 2  dt=3e-08  t=6e-08
GPU Iteration: 3  dt=3e-08  t=9e-08
GPU Iteration: 4  dt=3e-08  t=1.2e-07
GPU Iteration: 5  dt=3e-08  t=1.5e-07
GPU Iteration: 6  dt=3e-08  t=1.8e-07
GPU Iteration: 7  dt=3e-08  t=2.1e-07
GPU Iteration: 8  dt=3e-08  t=2.4e-07
GPU Iteration: 9  dt=3e-08  t=2.7e-07
GPU Iteration: 10  dt=3e-08  t=3e-07
GPU Iteration: 11  dt=3e-08  t=3.3e-07
GPU Iteration: 12  dt=3e-08  t=3.6e-07
GPU Iteration: 13  dt=3e-08  t=3.9e-07
GPU Iteration: 14  dt=3e-08  t=4.2e-07
GPU Iteration: 15  dt=3e-08  t=4.5e-07
GPU Iteration: 16  dt=3e-08  t=4.8e-07
GPU Iteration: 17  dt=3e-08  t=5.1e-07
GPU Iteration: 18  dt=3e-08  t=5.4e-07
GPU Iteration: 19  dt=3e-08  t=5.7e-07
GPU Iteration: 20  dt=3e-08  t=6e-07
GPU Iteration: 21  dt=3e-08  t=6.3e-07
GPU Iteration: 22  dt=3e-08  t=6.6e-07
GPU Iteration: 23  dt=3e-08  t=6.9e-07
GPU Iteration: 24  dt=3e-08  t=7.2e-07
GPU Iteration: 25  dt=3e-08  t=7.5e-07
GPU Iteration: 26  dt=3e-08  t=7.8e-07
GPU Iteration: 27  dt=3e-08  t=8.1e-07
GPU Iteration: 28  dt=3e-08  t=8.4e-07
GPU Iteration: 29  dt=3e-08  t=8.7e-07
GPU Iteration: 30  dt=3e-08  t=9e-07
GPU Iteration: 31  dt=3e-08  t=9.3e-07
GPU Iteration: 32  dt=3e-08  t=9.6e-07
GPU Iteration: 33  dt=3e-08  t=9.9e-07
GPU Iteration: 34  dt=3e-08  t=1.02e-06
GPU Iteration: 35  dt=3e-08  t=1.05e-06
GPU Iteration: 36  dt=3e-08  t=1.08e-06
GPU Iteration: 37  dt=3e-08  t=1.11e-06
GPU Iteration: 38  dt=3e-08  t=1.14e-06
GPU Iteration: 39  dt=3e-08  t=1.17e-06
GPU Iteration: 40  dt=3e-08  t=1.2e-06
GPU Iteration: 41  dt=3e-08  t=1.23e-06
GPU Iteration: 42  dt=3e-08  t=1.26e-06
GPU Iteration: 43  dt=3e-08  t=1.29e-06
GPU Iteration: 44  dt=3e-08  t=1.32e-06
GPU Iteration: 45  dt=3e-08  t=1.35e-06
GPU Iteration: 46  dt=3e-08  t=1.38e-06
GPU Iteration: 47  dt=3e-08  t=1.41e-06
GPU Iteration: 48  dt=3e-08  t=1.44e-06
GPU Iteration: 49  dt=3e-08  t=1.47e-06
GPU Iteration: 50  dt=3e-08  t=1.5e-06
GPU Iteration: 51  dt=3e-08  t=1.53e-06
GPU Iteration: 52  dt=3e-08  t=1.56e-06
GPU Iteration: 53  dt=3e-08  t=1.59e-06
GPU Iteration: 54  dt=3e-08  t=1.62e-06
GPU Iteration: 55  dt=3e-08  t=1.65e-06
GPU Iteration: 56  dt=3e-08  t=1.68e-06
GPU Iteration: 57  dt=3e-08  t=1.71e-06
GPU Iteration: 58  dt=3e-08  t=1.74e-06
GPU Iteration: 59  dt=3e-08  t=1.77e-06
GPU Iteration: 60  dt=3e-08  t=1.8e-06
GPU Iteration: 61  dt=3e-08  t=1.83e-06
GPU Iteration: 62  dt=3e-08  t=1.86e-06
GPU Iteration: 63  dt=3e-08  t=1.89e-06
GPU Iteration: 64  dt=3e-08  t=1.92e-06
GPU Iteration: 65  dt=3e-08  t=1.95e-06
GPU Iteration: 66  dt=3e-08  t=1.98e-06
GPU Iteration: 67  dt=3e-08  t=2.01e-06
GPU Iteration: 68  dt=3e-08  t=2.04e-06
GPU Iteration: 69  dt=3e-08  t=2.07e-06
GPU Iteration: 70  dt=3e-08  t=2.1e-06
GPU Iteration: 71  dt=3e-08  t=2.13e-06
GPU Iteration: 72  dt=3e-08  t=2.16e-06
GPU Iteration: 73  dt=3e-08  t=2.19e-06
GPU Iteration: 74  dt=3e-08  t=2.22e-06
GPU Iteration: 75  dt=3e-08  t=2.25e-06
GPU Iteration: 76  dt=3e-08  t=2.28e-06
GPU Iteration: 77  dt=3e-08  t=2.31e-06
GPU Iteration: 78  dt=3e-08  t=2.34e-06
GPU Iteration: 79  dt=3e-08  t=2.37e-06
GPU Iteration: 80  dt=3e-08  t=2.4e-06
GPU Iteration: 81  dt=3e-08  t=2.43e-06
GPU Iteration: 82  dt=3e-08  t=2.46e-06
GPU Iteration: 83  dt=3e-08  t=2.49e-06
GPU Iteration: 84  dt=3e-08  t=2.52e-06
GPU Iteration: 85  dt=3e-08  t=2.55e-06
GPU Iteration: 86  dt=3e-08  t=2.58e-06
GPU Iteration: 87  dt=3e-08  t=2.61e-06
GPU Iteration: 88  dt=3e-08  t=2.64e-06
GPU Iteration: 89  dt=3e-08  t=2.67e-06
GPU Iteration: 90  dt=3e-08  t=2.7e-06
GPU Iteration: 91  dt=3e-08  t=2.73e-06
GPU Iteration: 92  dt=3e-08  t=2.76e-06
GPU Iteration: 93  dt=3e-08  t=2.79e-06
GPU Iteration: 94  dt=3e-08  t=2.82e-06
GPU Iteration: 95  dt=3e-08  t=2.85e-06
GPU Iteration: 96  dt=3e-08  t=2.88e-06
GPU Iteration: 97  dt=3e-08  t=2.91e-06
GPU Iteration: 98  dt=3e-08  t=2.94e-06
GPU Iteration: 99  dt=3e-08  t=2.97e-06
GPU Iteration: 100  dt=3e-08  t=3e-06
GPU Iteration: 101  dt=3e-08  t=3.03e-06
GPU Iteration: 102  dt=3e-08  t=3.06e-06
GPU Iteration: 103  dt=3e-08  t=3.09e-06
GPU Iteration: 104  dt=3e-08  t=3.12e-06
GPU Iteration: 105  dt=3e-08  t=3.15e-06
GPU Iteration: 106  dt=3e-08  t=3.18e-06
GPU Iteration: 107  dt=3e-08  t=3.21e-06
GPU Iteration: 108  dt=3e-08  t=3.24e-06
GPU Iteration: 109  dt=3e-08  t=3.27e-06
GPU Iteration: 110  dt=3e-08  t=3.3e-06
GPU Iteration: 111  dt=3e-08  t=3.33e-06
GPU Iteration: 112  dt=3e-08  t=3.36e-06
GPU Iteration: 113  dt=3e-08  t=3.39e-06
GPU Iteration: 114  dt=3e-08  t=3.42e-06
GPU Iteration: 115  dt=3e-08  t=3.45e-06
GPU Iteration: 116  dt=3e-08  t=3.48e-06
GPU Iteration: 117  dt=3e-08  t=3.51e-06
GPU Iteration: 118  dt=3e-08  t=3.54e-06
GPU Iteration: 119  dt=3e-08  t=3.57e-06
GPU Iteration: 120  dt=3e-08  t=3.6e-06
GPU Iteration: 121  dt=3e-08  t=3.63e-06
GPU Iteration: 122  dt=3e-08  t=3.66e-06
GPU Iteration: 123  dt=3e-08  t=3.69e-06
GPU Iteration: 124  dt=3e-08  t=3.72e-06
GPU Iteration: 125  dt=3e-08  t=3.75e-06
GPU Iteration: 126  dt=3e-08  t=3.78e-06
GPU Iteration: 127  dt=3e-08  t=3.81e-06
GPU Iteration: 128  dt=3e-08  t=3.84e-06
GPU Iteration: 129  dt=3e-08  t=3.87e-06
GPU Iteration: 130  dt=3e-08  t=3.9e-06
GPU Iteration: 131  dt=3e-08  t=3.93e-06
GPU Iteration: 132  dt=3e-08  t=3.96e-06
GPU Iteration: 133  dt=3e-08  t=3.99e-06
GPU Iteration: 134  dt=3e-08  t=4.02e-06
GPU Iteration: 135  dt=3e-08  t=4.05e-06
GPU Iteration: 136  dt=3e-08  t=4.08e-06
GPU Iteration: 137  dt=3e-08  t=4.11e-06
GPU Iteration: 138  dt=3e-08  t=4.14e-06
GPU Iteration: 139  dt=3e-08  t=4.17e-06
GPU Iteration: 140  dt=3e-08  t=4.2e-06
GPU Iteration: 141  dt=3e-08  t=4.23e-06
GPU Iteration: 142  dt=3e-08  t=4.26e-06
GPU Iteration: 143  dt=3e-08  t=4.29e-06
GPU Iteration: 144  dt=3e-08  t=4.32e-06
GPU Iteration: 145  dt=3e-08  t=4.35e-06
GPU Iteration: 146  dt=3e-08  t=4.38e-06
GPU Iteration: 147  dt=3e-08  t=4.41e-06
GPU Iteration: 148  dt=3e-08  t=4.44e-06
GPU Iteration: 149  dt=3e-08  t=4.47e-06
GPU Iteration: 150  dt=3e-08  t=4.5e-06
GPU Iteration: 151  dt=3e-08  t=4.53e-06
GPU Iteration: 152  dt=3e-08  t=4.56e-06
GPU Iteration: 153  dt=3e-08  t=4.59e-06
GPU Iteration: 154  dt=3e-08  t=4.62e-06
GPU Iteration: 155  dt=3e-08  t=4.65e-06
GPU Iteration: 156  dt=3e-08  t=4.68e-06
GPU Iteration: 157  dt=3e-08  t=4.71e-06
GPU Iteration: 158  dt=3e-08  t=4.74e-06
GPU Iteration: 159  dt=3e-08  t=4.77e-06
GPU Iteration: 160  dt=3e-08  t=4.8e-06
GPU Iteration: 161  dt=3e-08  t=4.83e-06
GPU Iteration: 162  dt=3e-08  t=4.86e-06
GPU Iteration: 163  dt=3e-08  t=4.89e-06
GPU Iteration: 164  dt=3e-08  t=4.92e-06
GPU Iteration: 165  dt=3e-08  t=4.95e-06
GPU Iteration: 166  dt=3e-08  t=4.98e-06
GPU Iteration: 167  dt=3e-08  t=5.01e-06
GPU Iteration: 168  dt=3e-08  t=5.04e-06
GPU Iteration: 169  dt=3e-08  t=5.07e-06
GPU Iteration: 170  dt=3e-08  t=5.1e-06
GPU Iteration: 171  dt=3e-08  t=5.13e-06
GPU Iteration: 172  dt=3e-08  t=5.16e-06
GPU Iteration: 173  dt=3e-08  t=5.19e-06
GPU Iteration: 174  dt=3e-08  t=5.22e-06
GPU Iteration: 175  dt=3e-08  t=5.25e-06
GPU Iteration: 176  dt=3e-08  t=5.28e-06
GPU Iteration: 177  dt=3e-08  t=5.31e-06
GPU Iteration: 178  dt=3e-08  t=5.34e-06
GPU Iteration: 179  dt=3e-08  t=5.37e-06
GPU Iteration: 180  dt=3e-08  t=5.4e-06
GPU Iteration: 181  dt=3e-08  t=5.43e-06
GPU Iteration: 182  dt=3e-08  t=5.46e-06
GPU Iteration: 183  dt=3e-08  t=5.49e-06
GPU Iteration: 184  dt=3e-08  t=5.52e-06
GPU Iteration: 185  dt=3e-08  t=5.55e-06
GPU Iteration: 186  dt=3e-08  t=5.58e-06
GPU Iteration: 187  dt=3e-08  t=5.61e-06
GPU Iteration: 188  dt=3e-08  t=5.64e-06
GPU Iteration: 189  dt=3e-08  t=5.67e-06
GPU Iteration: 190  dt=3e-08  t=5.7e-06
GPU Iteration: 191  dt=3e-08  t=5.73e-06
GPU Iteration: 192  dt=3e-08  t=5.76e-06
GPU Iteration: 193  dt=3e-08  t=5.79e-06
GPU Iteration: 194  dt=3e-08  t=5.82e-06
GPU Iteration: 195  dt=3e-08  t=5.85e-06
GPU Iteration: 196  dt=3e-08  t=5.88e-06
GPU Iteration: 197  dt=3e-08  t=5.91e-06
GPU Iteration: 198  dt=3e-08  t=5.94e-06
GPU Iteration: 199  dt=3e-08  t=5.97e-06
GPU Iteration: 200  dt=3e-08  t=6e-06
GPU Iteration: 201  dt=3e-08  t=6.03e-06
GPU Iteration: 202  dt=3e-08  t=6.06e-06
GPU Iteration: 203  dt=3e-08  t=6.09e-06
GPU Iteration: 204  dt=3e-08  t=6.12e-06
GPU Iteration: 205  dt=3e-08  t=6.15e-06
GPU Iteration: 206  dt=3e-08  t=6.18e-06
GPU Iteration: 207  dt=3e-08  t=6.21e-06
GPU Iteration: 208  dt=3e-08  t=6.24e-06
GPU Iteration: 209  dt=3e-08  t=6.27e-06
GPU Iteration: 210  dt=3e-08  t=6.3e-06
GPU Iteration: 211  dt=3e-08  t=6.33e-06
GPU Iteration: 212  dt=3e-08  t=6.36e-06
GPU Iteration: 213  dt=3e-08  t=6.39e-06
GPU Iteration: 214  dt=3e-08  t=6.42e-06
GPU Iteration: 215  dt=3e-08  t=6.45e-06
GPU Iteration: 216  dt=3e-08  t=6.48e-06
GPU Iteration: 217  dt=3e-08  t=6.51e-06
GPU Iteration: 218  dt=3e-08  t=6.54e-06
GPU Iteration: 219  dt=3e-08  t=6.57e-06
GPU Iteration: 220  dt=3e-08  t=6.6e-06
GPU Iteration: 221  dt=3e-08  t=6.63e-06
GPU Iteration: 222  dt=3e-08  t=6.66e-06
GPU Iteration: 223  dt=3e-08  t=6.69e-06
GPU Iteration: 224  dt=3e-08  t=6.72e-06
GPU Iteration: 225  dt=3e-08  t=6.75e-06
GPU Iteration: 226  dt=3e-08  t=6.78e-06
GPU Iteration: 227  dt=3e-08  t=6.81e-06
GPU Iteration: 228  dt=3e-08  t=6.84e-06
GPU Iteration: 229  dt=3e-08  t=6.87e-06
GPU Iteration: 230  dt=3e-08  t=6.9e-06
GPU Iteration: 231  dt=3e-08  t=6.93e-06
GPU Iteration: 232  dt=3e-08  t=6.96e-06
GPU Iteration: 233  dt=3e-08  t=6.99e-06
GPU Iteration: 234  dt=3e-08  t=7.02e-06
GPU Iteration: 235  dt=3e-08  t=7.05e-06
GPU Iteration: 236  dt=3e-08  t=7.08e-06
GPU Iteration: 237  dt=3e-08  t=7.11e-06
GPU Iteration: 238  dt=3e-08  t=7.14e-06
GPU Iteration: 239  dt=3e-08  t=7.17e-06
GPU Iteration: 240  dt=3e-08  t=7.2e-06
GPU Iteration: 241  dt=3e-08  t=7.23e-06
GPU Iteration: 242  dt=3e-08  t=7.26e-06
GPU Iteration: 243  dt=3e-08  t=7.29e-06
GPU Iteration: 244  dt=3e-08  t=7.32e-06
GPU Iteration: 245  dt=3e-08  t=7.35e-06
GPU Iteration: 246  dt=3e-08  t=7.38e-06
GPU Iteration: 247  dt=3e-08  t=7.41e-06
GPU Iteration: 248  dt=3e-08  t=7.44e-06
GPU Iteration: 249  dt=3e-08  t=7.47e-06
GPU Iteration: 250  dt=3e-08  t=7.5e-06
GPU Iteration: 251  dt=3e-08  t=7.53e-06
GPU Iteration: 252  dt=3e-08  t=7.56e-06
GPU Iteration: 253  dt=3e-08  t=7.59e-06
GPU Iteration: 254  dt=3e-08  t=7.62e-06
GPU Iteration: 255  dt=3e-08  t=7.65e-06
GPU Iteration: 256  dt=3e-08  t=7.68e-06
GPU Iteration: 257  dt=3e-08  t=7.71e-06
GPU Iteration: 258  dt=3e-08  t=7.74e-06
GPU Iteration: 259  dt=3e-08  t=7.77e-06
GPU Iteration: 260  dt=3e-08  t=7.8e-06
GPU Iteration: 261  dt=3e-08  t=7.83e-06
GPU Iteration: 262  dt=3e-08  t=7.86e-06
GPU Iteration: 263  dt=3e-08  t=7.89e-06
GPU Iteration: 264  dt=3e-08  t=7.92e-06
GPU Iteration: 265  dt=3e-08  t=7.95e-06
GPU Iteration: 266  dt=3e-08  t=7.98e-06
GPU Iteration: 267  dt=3e-08  t=8.01e-06
GPU Iteration: 268  dt=3e-08  t=8.04e-06
GPU Iteration: 269  dt=3e-08  t=8.07e-06
GPU Iteration: 270  dt=3e-08  t=8.1e-06
GPU Iteration: 271  dt=3e-08  t=8.13e-06
GPU Iteration: 272  dt=3e-08  t=8.16e-06
GPU Iteration: 273  dt=3e-08  t=8.19e-06
GPU Iteration: 274  dt=3e-08  t=8.22e-06
GPU Iteration: 275  dt=3e-08  t=8.25e-06
GPU Iteration: 276  dt=3e-08  t=8.28e-06
GPU Iteration: 277  dt=3e-08  t=8.31e-06
GPU Iteration: 278  dt=3e-08  t=8.34e-06
GPU Iteration: 279  dt=3e-08  t=8.37e-06
GPU Iteration: 280  dt=3e-08  t=8.4e-06
GPU Iteration: 281  dt=3e-08  t=8.43e-06
GPU Iteration: 282  dt=3e-08  t=8.46e-06
GPU Iteration: 283  dt=3e-08  t=8.49e-06
GPU Iteration: 284  dt=3e-08  t=8.52e-06
GPU Iteration: 285  dt=3e-08  t=8.55e-06
GPU Iteration: 286  dt=3e-08  t=8.58e-06
GPU Iteration: 287  dt=3e-08  t=8.61e-06
GPU Iteration: 288  dt=3e-08  t=8.64e-06
GPU Iteration: 289  dt=3e-08  t=8.67e-06
GPU Iteration: 290  dt=3e-08  t=8.7e-06
GPU Iteration: 291  dt=3e-08  t=8.73e-06
GPU Iteration: 292  dt=3e-08  t=8.76e-06
GPU Iteration: 293  dt=3e-08  t=8.79e-06
GPU Iteration: 294  dt=3e-08  t=8.82e-06
GPU Iteration: 295  dt=3e-08  t=8.85e-06
GPU Iteration: 296  dt=3e-08  t=8.88e-06
GPU Iteration: 297  dt=3e-08  t=8.91e-06
GPU Iteration: 298  dt=3e-08  t=8.94e-06
GPU Iteration: 299  dt=3e-08  t=8.97e-06
GPU Iteration: 300  dt=3e-08  t=9e-06
GPU Iteration: 301  dt=3e-08  t=9.03e-06
GPU Iteration: 302  dt=3e-08  t=9.06e-06
GPU Iteration: 303  dt=3e-08  t=9.09e-06
GPU Iteration: 304  dt=3e-08  t=9.12e-06
GPU Iteration: 305  dt=3e-08  t=9.15e-06
GPU Iteration: 306  dt=3e-08  t=9.18e-06
GPU Iteration: 307  dt=3e-08  t=9.21e-06
GPU Iteration: 308  dt=3e-08  t=9.24e-06
GPU Iteration: 309  dt=3e-08  t=9.27e-06
GPU Iteration: 310  dt=3e-08  t=9.3e-06
GPU Iteration: 311  dt=3e-08  t=9.33e-06
GPU Iteration: 312  dt=3e-08  t=9.36e-06
GPU Iteration: 313  dt=3e-08  t=9.39e-06
GPU Iteration: 314  dt=3e-08  t=9.42e-06
GPU Iteration: 315  dt=3e-08  t=9.45e-06
GPU Iteration: 316  dt=3e-08  t=9.48e-06
GPU Iteration: 317  dt=3e-08  t=9.51e-06
GPU Iteration: 318  dt=3e-08  t=9.54e-06
GPU Iteration: 319  dt=3e-08  t=9.57e-06
GPU Iteration: 320  dt=3e-08  t=9.6e-06
GPU Iteration: 321  dt=3e-08  t=9.63e-06
GPU Iteration: 322  dt=3e-08  t=9.66e-06
GPU Iteration: 323  dt=3e-08  t=9.69e-06
GPU Iteration: 324  dt=3e-08  t=9.72e-06
GPU Iteration: 325  dt=3e-08  t=9.75e-06
GPU Iteration: 326  dt=3e-08  t=9.78e-06
GPU Iteration: 327  dt=3e-08  t=9.81e-06
GPU Iteration: 328  dt=3e-08  t=9.84e-06
GPU Iteration: 329  dt=3e-08  t=9.87e-06
GPU Iteration: 330  dt=3e-08  t=9.9e-06
GPU Iteration: 331  dt=3e-08  t=9.93e-06
GPU Iteration: 332  dt=3e-08  t=9.96e-06
GPU Iteration: 333  dt=3e-08  t=9.99e-06
GPU Iteration: 334  dt=3e-08  t=1.002e-05
GPU Iteration: 335  dt=3e-08  t=1.005e-05
GPU Iteration: 336  dt=3e-08  t=1.008e-05
GPU Iteration: 337  dt=3e-08  t=1.011e-05
GPU Iteration: 338  dt=3e-08  t=1.014e-05
GPU Iteration: 339  dt=3e-08  t=1.017e-05
GPU Iteration: 340  dt=3e-08  t=1.02e-05
GPU Iteration: 341  dt=3e-08  t=1.023e-05
GPU Iteration: 342  dt=3e-08  t=1.026e-05
GPU Iteration: 343  dt=3e-08  t=1.029e-05
GPU Iteration: 344  dt=3e-08  t=1.032e-05
GPU Iteration: 345  dt=3e-08  t=1.035e-05
GPU Iteration: 346  dt=3e-08  t=1.038e-05
GPU Iteration: 347  dt=3e-08  t=1.041e-05
GPU Iteration: 348  dt=3e-08  t=1.044e-05
GPU Iteration: 349  dt=3e-08  t=1.047e-05
GPU Iteration: 350  dt=3e-08  t=1.05e-05
GPU Iteration: 351  dt=3e-08  t=1.053e-05
GPU Iteration: 352  dt=3e-08  t=1.056e-05
GPU Iteration: 353  dt=3e-08  t=1.059e-05
GPU Iteration: 354  dt=3e-08  t=1.062e-05
GPU Iteration: 355  dt=3e-08  t=1.065e-05
GPU Iteration: 356  dt=3e-08  t=1.068e-05
GPU Iteration: 357  dt=3e-08  t=1.071e-05
GPU Iteration: 358  dt=3e-08  t=1.074e-05
GPU Iteration: 359  dt=3e-08  t=1.077e-05
GPU Iteration: 360  dt=3e-08  t=1.08e-05
GPU Iteration: 361  dt=3e-08  t=1.083e-05
GPU Iteration: 362  dt=3e-08  t=1.086e-05
GPU Iteration: 363  dt=3e-08  t=1.089e-05
GPU Iteration: 364  dt=3e-08  t=1.092e-05
GPU Iteration: 365  dt=3e-08  t=1.095e-05
GPU Iteration: 366  dt=3e-08  t=1.098e-05
GPU Iteration: 367  dt=3e-08  t=1.101e-05
GPU Iteration: 368  dt=3e-08  t=1.104e-05
GPU Iteration: 369  dt=3e-08  t=1.107e-05
GPU Iteration: 370  dt=3e-08  t=1.11e-05
GPU Iteration: 371  dt=3e-08  t=1.113e-05
GPU Iteration: 372  dt=3e-08  t=1.116e-05
GPU Iteration: 373  dt=3e-08  t=1.119e-05
GPU Iteration: 374  dt=3e-08  t=1.122e-05
GPU Iteration: 375  dt=3e-08  t=1.125e-05
GPU Iteration: 376  dt=3e-08  t=1.128e-05
GPU Iteration: 377  dt=3e-08  t=1.131e-05
GPU Iteration: 378  dt=3e-08  t=1.134e-05
GPU Iteration: 379  dt=3e-08  t=1.137e-05
GPU Iteration: 380  dt=3e-08  t=1.14e-05
GPU Iteration: 381  dt=3e-08  t=1.143e-05
GPU Iteration: 382  dt=3e-08  t=1.146e-05
GPU Iteration: 383  dt=3e-08  t=1.149e-05
GPU Iteration: 384  dt=3e-08  t=1.152e-05
GPU Iteration: 385  dt=3e-08  t=1.155e-05
GPU Iteration: 386  dt=3e-08  t=1.158e-05
GPU Iteration: 387  dt=3e-08  t=1.161e-05
GPU Iteration: 388  dt=3e-08  t=1.164e-05
GPU Iteration: 389  dt=3e-08  t=1.167e-05
GPU Iteration: 390  dt=3e-08  t=1.17e-05
GPU Iteration: 391  dt=3e-08  t=1.173e-05
GPU Iteration: 392  dt=3e-08  t=1.176e-05
GPU Iteration: 393  dt=3e-08  t=1.179e-05
GPU Iteration: 394  dt=3e-08  t=1.182e-05
GPU Iteration: 395  dt=3e-08  t=1.185e-05
GPU Iteration: 396  dt=3e-08  t=1.188e-05
GPU Iteration: 397  dt=3e-08  t=1.191e-05
GPU Iteration: 398  dt=3e-08  t=1.194e-05
GPU Iteration: 399  dt=3e-08  t=1.197e-05
GPU Iteration: 400  dt=3e-08  t=1.2e-05
GPU Iteration: 401  dt=3e-08  t=1.203e-05
GPU Iteration: 402  dt=3e-08  t=1.206e-05
GPU Iteration: 403  dt=3e-08  t=1.209e-05
GPU Iteration: 404  dt=3e-08  t=1.212e-05
GPU Iteration: 405  dt=3e-08  t=1.215e-05
GPU Iteration: 406  dt=3e-08  t=1.218e-05
GPU Iteration: 407  dt=3e-08  t=1.221e-05
GPU Iteration: 408  dt=3e-08  t=1.224e-05
GPU Iteration: 409  dt=3e-08  t=1.227e-05
GPU Iteration: 410  dt=3e-08  t=1.23e-05
GPU Iteration: 411  dt=3e-08  t=1.233e-05
GPU Iteration: 412  dt=3e-08  t=1.236e-05
GPU Iteration: 413  dt=3e-08  t=1.239e-05
GPU Iteration: 414  dt=3e-08  t=1.242e-05
GPU Iteration: 415  dt=3e-08  t=1.245e-05
GPU Iteration: 416  dt=3e-08  t=1.248e-05
GPU Iteration: 417  dt=3e-08  t=1.251e-05
GPU Iteration: 418  dt=3e-08  t=1.254e-05
GPU Iteration: 419  dt=3e-08  t=1.257e-05
GPU Iteration: 420  dt=3e-08  t=1.26e-05
GPU Iteration: 421  dt=3e-08  t=1.263e-05
GPU Iteration: 422  dt=3e-08  t=1.266e-05
GPU Iteration: 423  dt=3e-08  t=1.269e-05
GPU Iteration: 424  dt=3e-08  t=1.272e-05
GPU Iteration: 425  dt=3e-08  t=1.275e-05
GPU Iteration: 426  dt=3e-08  t=1.278e-05
GPU Iteration: 427  dt=3e-08  t=1.281e-05
GPU Iteration: 428  dt=3e-08  t=1.284e-05
GPU Iteration: 429  dt=3e-08  t=1.287e-05
GPU Iteration: 430  dt=3e-08  t=1.29e-05
GPU Iteration: 431  dt=3e-08  t=1.293e-05
GPU Iteration: 432  dt=3e-08  t=1.296e-05
GPU Iteration: 433  dt=3e-08  t=1.299e-05
GPU Iteration: 434  dt=3e-08  t=1.302e-05
GPU Iteration: 435  dt=3e-08  t=1.305e-05
GPU Iteration: 436  dt=3e-08  t=1.308e-05
GPU Iteration: 437  dt=3e-08  t=1.311e-05
GPU Iteration: 438  dt=3e-08  t=1.314e-05
GPU Iteration: 439  dt=3e-08  t=1.317e-05
GPU Iteration: 440  dt=3e-08  t=1.32e-05
GPU Iteration: 441  dt=3e-08  t=1.323e-05
GPU Iteration: 442  dt=3e-08  t=1.326e-05
GPU Iteration: 443  dt=3e-08  t=1.329e-05
GPU Iteration: 444  dt=3e-08  t=1.332e-05
GPU Iteration: 445  dt=3e-08  t=1.335e-05
GPU Iteration: 446  dt=3e-08  t=1.338e-05
GPU Iteration: 447  dt=3e-08  t=1.341e-05
GPU Iteration: 448  dt=3e-08  t=1.344e-05
GPU Iteration: 449  dt=3e-08  t=1.347e-05
GPU Iteration: 450  dt=3e-08  t=1.35e-05
GPU Iteration: 451  dt=3e-08  t=1.353e-05
GPU Iteration: 452  dt=3e-08  t=1.356e-05
GPU Iteration: 453  dt=3e-08  t=1.359e-05
GPU Iteration: 454  dt=3e-08  t=1.362e-05
GPU Iteration: 455  dt=3e-08  t=1.365e-05
GPU Iteration: 456  dt=3e-08  t=1.368e-05
GPU Iteration: 457  dt=3e-08  t=1.371e-05
GPU Iteration: 458  dt=3e-08  t=1.374e-05
GPU Iteration: 459  dt=3e-08  t=1.377e-05
GPU Iteration: 460  dt=3e-08  t=1.38e-05
GPU Iteration: 461  dt=3e-08  t=1.383e-05
GPU Iteration: 462  dt=3e-08  t=1.386e-05
GPU Iteration: 463  dt=3e-08  t=1.389e-05
GPU Iteration: 464  dt=3e-08  t=1.392e-05
GPU Iteration: 465  dt=3e-08  t=1.395e-05
GPU Iteration: 466  dt=3e-08  t=1.398e-05
GPU Iteration: 467  dt=3e-08  t=1.401e-05
GPU Iteration: 468  dt=3e-08  t=1.404e-05
GPU Iteration: 469  dt=3e-08  t=1.407e-05
GPU Iteration: 470  dt=3e-08  t=1.41e-05
GPU Iteration: 471  dt=3e-08  t=1.413e-05
GPU Iteration: 472  dt=3e-08  t=1.416e-05
GPU Iteration: 473  dt=3e-08  t=1.419e-05
GPU Iteration: 474  dt=3e-08  t=1.422e-05
GPU Iteration: 475  dt=3e-08  t=1.425e-05
GPU Iteration: 476  dt=3e-08  t=1.428e-05
GPU Iteration: 477  dt=3e-08  t=1.431e-05
GPU Iteration: 478  dt=3e-08  t=1.434e-05
GPU Iteration: 479  dt=3e-08  t=1.437e-05
GPU Iteration: 480  dt=3e-08  t=1.44e-05
GPU Iteration: 481  dt=3e-08  t=1.443e-05
GPU Iteration: 482  dt=3e-08  t=1.446e-05
GPU Iteration: 483  dt=3e-08  t=1.449e-05
GPU Iteration: 484  dt=3e-08  t=1.452e-05
GPU Iteration: 485  dt=3e-08  t=1.455e-05
GPU Iteration: 486  dt=3e-08  t=1.458e-05
GPU Iteration: 487  dt=3e-08  t=1.461e-05
GPU Iteration: 488  dt=3e-08  t=1.464e-05
GPU Iteration: 489  dt=3e-08  t=1.467e-05
GPU Iteration: 490  dt=3e-08  t=1.47e-05
GPU Iteration: 491  dt=3e-08  t=1.473e-05
GPU Iteration: 492  dt=3e-08  t=1.476e-05
GPU Iteration: 493  dt=3e-08  t=1.479e-05
GPU Iteration: 494  dt=3e-08  t=1.482e-05
GPU Iteration: 495  dt=3e-08  t=1.485e-05
GPU Iteration: 496  dt=3e-08  t=1.488e-05
GPU Iteration: 497  dt=3e-08  t=1.491e-05
GPU Iteration: 498  dt=3e-08  t=1.494e-05
GPU Iteration: 499  dt=3e-08  t=1.497e-05
GPU Iteration: 500  dt=3e-08  t=1.5e-05
GPU Iteration: 501  dt=3e-08  t=1.503e-05
GPU Iteration: 502  dt=3e-08  t=1.506e-05
GPU Iteration: 503  dt=3e-08  t=1.509e-05
GPU Iteration: 504  dt=3e-08  t=1.512e-05
GPU Iteration: 505  dt=3e-08  t=1.515e-05
GPU Iteration: 506  dt=3e-08  t=1.518e-05
GPU Iteration: 507  dt=3e-08  t=1.521e-05
GPU Iteration: 508  dt=3e-08  t=1.524e-05
GPU Iteration: 509  dt=3e-08  t=1.527e-05
GPU Iteration: 510  dt=3e-08  t=1.53e-05
GPU Iteration: 511  dt=3e-08  t=1.533e-05
GPU Iteration: 512  dt=3e-08  t=1.536e-05
GPU Iteration: 513  dt=3e-08  t=1.539e-05
GPU Iteration: 514  dt=3e-08  t=1.542e-05
GPU Iteration: 515  dt=3e-08  t=1.545e-05
GPU Iteration: 516  dt=3e-08  t=1.548e-05
GPU Iteration: 517  dt=3e-08  t=1.551e-05
GPU Iteration: 518  dt=3e-08  t=1.554e-05
GPU Iteration: 519  dt=3e-08  t=1.557e-05
GPU Iteration: 520  dt=3e-08  t=1.56e-05
GPU Iteration: 521  dt=3e-08  t=1.563e-05
GPU Iteration: 522  dt=3e-08  t=1.566e-05
GPU Iteration: 523  dt=3e-08  t=1.569e-05
GPU Iteration: 524  dt=3e-08  t=1.572e-05
GPU Iteration: 525  dt=3e-08  t=1.575e-05
GPU Iteration: 526  dt=3e-08  t=1.578e-05
GPU Iteration: 527  dt=3e-08  t=1.581e-05
GPU Iteration: 528  dt=3e-08  t=1.584e-05
GPU Iteration: 529  dt=3e-08  t=1.587e-05
GPU Iteration: 530  dt=3e-08  t=1.59e-05
GPU Iteration: 531  dt=3e-08  t=1.593e-05
GPU Iteration: 532  dt=3e-08  t=1.596e-05
GPU Iteration: 533  dt=3e-08  t=1.599e-05
GPU Iteration: 534  dt=3e-08  t=1.602e-05
GPU Iteration: 535  dt=3e-08  t=1.605e-05
GPU Iteration: 536  dt=3e-08  t=1.608e-05
GPU Iteration: 537  dt=3e-08  t=1.611e-05
GPU Iteration: 538  dt=3e-08  t=1.614e-05
GPU Iteration: 539  dt=3e-08  t=1.617e-05
GPU Iteration: 540  dt=3e-08  t=1.62e-05
GPU Iteration: 541  dt=3e-08  t=1.623e-05
GPU Iteration: 542  dt=3e-08  t=1.626e-05
GPU Iteration: 543  dt=3e-08  t=1.629e-05
GPU Iteration: 544  dt=3e-08  t=1.632e-05
GPU Iteration: 545  dt=3e-08  t=1.635e-05
GPU Iteration: 546  dt=3e-08  t=1.638e-05
GPU Iteration: 547  dt=3e-08  t=1.641e-05
GPU Iteration: 548  dt=3e-08  t=1.644e-05
GPU Iteration: 549  dt=3e-08  t=1.647e-05
GPU Iteration: 550  dt=3e-08  t=1.65e-05
GPU Iteration: 551  dt=3e-08  t=1.653e-05
GPU Iteration: 552  dt=3e-08  t=1.656e-05
GPU Iteration: 553  dt=3e-08  t=1.659e-05
GPU Iteration: 554  dt=3e-08  t=1.662e-05
GPU Iteration: 555  dt=3e-08  t=1.665e-05
GPU Iteration: 556  dt=3e-08  t=1.668e-05
GPU Iteration: 557  dt=3e-08  t=1.671e-05
GPU Iteration: 558  dt=3e-08  t=1.674e-05
GPU Iteration: 559  dt=3e-08  t=1.677e-05
GPU Iteration: 560  dt=3e-08  t=1.68e-05
GPU Iteration: 561  dt=3e-08  t=1.683e-05
GPU Iteration: 562  dt=3e-08  t=1.686e-05
GPU Iteration: 563  dt=3e-08  t=1.689e-05
GPU Iteration: 564  dt=3e-08  t=1.692e-05
GPU Iteration: 565  dt=3e-08  t=1.695e-05
GPU Iteration: 566  dt=3e-08  t=1.698e-05
GPU Iteration: 567  dt=3e-08  t=1.701e-05
GPU Iteration: 568  dt=3e-08  t=1.704e-05
GPU Iteration: 569  dt=3e-08  t=1.707e-05
GPU Iteration: 570  dt=3e-08  t=1.71e-05
GPU Iteration: 571  dt=3e-08  t=1.713e-05
GPU Iteration: 572  dt=3e-08  t=1.716e-05
GPU Iteration: 573  dt=3e-08  t=1.719e-05
GPU Iteration: 574  dt=3e-08  t=1.722e-05
GPU Iteration: 575  dt=3e-08  t=1.725e-05
GPU Iteration: 576  dt=3e-08  t=1.728e-05
GPU Iteration: 577  dt=3e-08  t=1.731e-05
GPU Iteration: 578  dt=3e-08  t=1.734e-05
GPU Iteration: 579  dt=3e-08  t=1.737e-05
GPU Iteration: 580  dt=3e-08  t=1.74e-05
GPU Iteration: 581  dt=3e-08  t=1.743e-05
GPU Iteration: 582  dt=3e-08  t=1.746e-05
GPU Iteration: 583  dt=3e-08  t=1.749e-05
GPU Iteration: 584  dt=3e-08  t=1.752e-05
GPU Iteration: 585  dt=3e-08  t=1.755e-05
GPU Iteration: 586  dt=3e-08  t=1.758e-05
GPU Iteration: 587  dt=3e-08  t=1.761e-05
GPU Iteration: 588  dt=3e-08  t=1.764e-05
GPU Iteration: 589  dt=3e-08  t=1.767e-05
GPU Iteration: 590  dt=3e-08  t=1.77e-05
GPU Iteration: 591  dt=3e-08  t=1.773e-05
GPU Iteration: 592  dt=3e-08  t=1.776e-05
GPU Iteration: 593  dt=3e-08  t=1.779e-05
GPU Iteration: 594  dt=3e-08  t=1.782e-05
GPU Iteration: 595  dt=3e-08  t=1.785e-05
GPU Iteration: 596  dt=3e-08  t=1.788e-05
GPU Iteration: 597  dt=3e-08  t=1.791e-05
GPU Iteration: 598  dt=3e-08  t=1.794e-05
GPU Iteration: 599  dt=3e-08  t=1.797e-05
GPU Iteration: 600  dt=3e-08  t=1.8e-05
GPU Iteration: 601  dt=3e-08  t=1.803e-05
GPU Iteration: 602  dt=3e-08  t=1.806e-05
GPU Iteration: 603  dt=3e-08  t=1.809e-05
GPU Iteration: 604  dt=3e-08  t=1.812e-05
GPU Iteration: 605  dt=3e-08  t=1.815e-05
GPU Iteration: 606  dt=3e-08  t=1.818e-05
GPU Iteration: 607  dt=3e-08  t=1.821e-05
GPU Iteration: 608  dt=3e-08  t=1.824e-05
GPU Iteration: 609  dt=3e-08  t=1.827e-05
GPU Iteration: 610  dt=3e-08  t=1.83e-05
GPU Iteration: 611  dt=3e-08  t=1.833e-05
GPU Iteration: 612  dt=3e-08  t=1.836e-05
GPU Iteration: 613  dt=3e-08  t=1.839e-05
GPU Iteration: 614  dt=3e-08  t=1.842e-05
GPU Iteration: 615  dt=3e-08  t=1.845e-05
GPU Iteration: 616  dt=3e-08  t=1.848e-05
GPU Iteration: 617  dt=3e-08  t=1.851e-05
GPU Iteration: 618  dt=3e-08  t=1.854e-05
GPU Iteration: 619  dt=3e-08  t=1.857e-05
GPU Iteration: 620  dt=3e-08  t=1.86e-05
GPU Iteration: 621  dt=3e-08  t=1.863e-05
GPU Iteration: 622  dt=3e-08  t=1.866e-05
GPU Iteration: 623  dt=3e-08  t=1.869e-05
GPU Iteration: 624  dt=3e-08  t=1.872e-05
GPU Iteration: 625  dt=3e-08  t=1.875e-05
GPU Iteration: 626  dt=3e-08  t=1.878e-05
GPU Iteration: 627  dt=3e-08  t=1.881e-05
GPU Iteration: 628  dt=3e-08  t=1.884e-05
GPU Iteration: 629  dt=3e-08  t=1.887e-05
GPU Iteration: 630  dt=3e-08  t=1.89e-05
GPU Iteration: 631  dt=3e-08  t=1.893e-05
GPU Iteration: 632  dt=3e-08  t=1.896e-05
GPU Iteration: 633  dt=3e-08  t=1.899e-05
GPU Iteration: 634  dt=3e-08  t=1.902e-05
GPU Iteration: 635  dt=3e-08  t=1.905e-05
GPU Iteration: 636  dt=3e-08  t=1.908e-05
GPU Iteration: 637  dt=3e-08  t=1.911e-05
GPU Iteration: 638  dt=3e-08  t=1.914e-05
GPU Iteration: 639  dt=3e-08  t=1.917e-05
GPU Iteration: 640  dt=3e-08  t=1.92e-05
GPU Iteration: 641  dt=3e-08  t=1.923e-05
GPU Iteration: 642  dt=3e-08  t=1.926e-05
GPU Iteration: 643  dt=3e-08  t=1.929e-05
GPU Iteration: 644  dt=3e-08  t=1.932e-05
GPU Iteration: 645  dt=3e-08  t=1.935e-05
GPU Iteration: 646  dt=3e-08  t=1.938e-05
GPU Iteration: 647  dt=3e-08  t=1.941e-05
GPU Iteration: 648  dt=3e-08  t=1.944e-05
GPU Iteration: 649  dt=3e-08  t=1.947e-05
GPU Iteration: 650  dt=3e-08  t=1.95e-05
GPU Iteration: 651  dt=3e-08  t=1.953e-05
GPU Iteration: 652  dt=3e-08  t=1.956e-05
GPU Iteration: 653  dt=3e-08  t=1.959e-05
GPU Iteration: 654  dt=3e-08  t=1.962e-05
GPU Iteration: 655  dt=3e-08  t=1.965e-05
GPU Iteration: 656  dt=3e-08  t=1.968e-05
GPU Iteration: 657  dt=3e-08  t=1.971e-05
GPU Iteration: 658  dt=3e-08  t=1.974e-05
GPU Iteration: 659  dt=3e-08  t=1.977e-05
GPU Iteration: 660  dt=3e-08  t=1.98e-05
GPU Iteration: 661  dt=3e-08  t=1.983e-05
GPU Iteration: 662  dt=3e-08  t=1.986e-05
GPU Iteration: 663  dt=3e-08  t=1.989e-05
GPU Iteration: 664  dt=3e-08  t=1.992e-05
GPU Iteration: 665  dt=3e-08  t=1.995e-05
GPU Iteration: 666  dt=3e-08  t=1.998e-05
GPU Iteration: 667  dt=3e-08  t=2.001e-05
GPU Iteration: 668  dt=3e-08  t=2.004e-05
GPU Iteration: 669  dt=3e-08  t=2.007e-05
GPU Iteration: 670  dt=3e-08  t=2.01e-05
GPU Iteration: 671  dt=3e-08  t=2.013e-05
GPU Iteration: 672  dt=3e-08  t=2.016e-05
GPU Iteration: 673  dt=3e-08  t=2.019e-05
GPU Iteration: 674  dt=3e-08  t=2.022e-05
GPU Iteration: 675  dt=3e-08  t=2.025e-05
GPU Iteration: 676  dt=3e-08  t=2.028e-05
GPU Iteration: 677  dt=3e-08  t=2.031e-05
GPU Iteration: 678  dt=3e-08  t=2.034e-05
GPU Iteration: 679  dt=3e-08  t=2.037e-05
GPU Iteration: 680  dt=3e-08  t=2.04e-05
GPU Iteration: 681  dt=3e-08  t=2.043e-05
GPU Iteration: 682  dt=3e-08  t=2.046e-05
GPU Iteration: 683  dt=3e-08  t=2.049e-05
GPU Iteration: 684  dt=3e-08  t=2.052e-05
GPU Iteration: 685  dt=3e-08  t=2.055e-05
GPU Iteration: 686  dt=3e-08  t=2.058e-05
GPU Iteration: 687  dt=3e-08  t=2.061e-05
GPU Iteration: 688  dt=3e-08  t=2.064e-05
GPU Iteration: 689  dt=3e-08  t=2.067e-05
GPU Iteration: 690  dt=3e-08  t=2.07e-05
GPU Iteration: 691  dt=3e-08  t=2.073e-05
GPU Iteration: 692  dt=3e-08  t=2.076e-05
GPU Iteration: 693  dt=3e-08  t=2.079e-05
GPU Iteration: 694  dt=3e-08  t=2.082e-05
GPU Iteration: 695  dt=3e-08  t=2.085e-05
GPU Iteration: 696  dt=3e-08  t=2.088e-05
GPU Iteration: 697  dt=3e-08  t=2.091e-05
GPU Iteration: 698  dt=3e-08  t=2.094e-05
GPU Iteration: 699  dt=3e-08  t=2.097e-05
GPU Iteration: 700  dt=3e-08  t=2.1e-05
GPU Iteration: 701  dt=3e-08  t=2.103e-05
GPU Iteration: 702  dt=3e-08  t=2.106e-05
GPU Iteration: 703  dt=3e-08  t=2.109e-05
GPU Iteration: 704  dt=3e-08  t=2.112e-05
GPU Iteration: 705  dt=3e-08  t=2.115e-05
GPU Iteration: 706  dt=3e-08  t=2.118e-05
GPU Iteration: 707  dt=3e-08  t=2.121e-05
GPU Iteration: 708  dt=3e-08  t=2.124e-05
GPU Iteration: 709  dt=3e-08  t=2.127e-05
GPU Iteration: 710  dt=3e-08  t=2.13e-05
GPU Iteration: 711  dt=3e-08  t=2.133e-05
GPU Iteration: 712  dt=3e-08  t=2.136e-05
GPU Iteration: 713  dt=3e-08  t=2.139e-05
GPU Iteration: 714  dt=3e-08  t=2.142e-05
GPU Iteration: 715  dt=3e-08  t=2.145e-05
GPU Iteration: 716  dt=3e-08  t=2.148e-05
GPU Iteration: 717  dt=3e-08  t=2.151e-05
GPU Iteration: 718  dt=3e-08  t=2.154e-05
GPU Iteration: 719  dt=3e-08  t=2.157e-05
GPU Iteration: 720  dt=3e-08  t=2.16e-05
GPU Iteration: 721  dt=3e-08  t=2.163e-05
GPU Iteration: 722  dt=3e-08  t=2.166e-05
GPU Iteration: 723  dt=3e-08  t=2.169e-05
GPU Iteration: 724  dt=3e-08  t=2.172e-05
GPU Iteration: 725  dt=3e-08  t=2.175e-05
GPU Iteration: 726  dt=3e-08  t=2.178e-05
GPU Iteration: 727  dt=3e-08  t=2.181e-05
GPU Iteration: 728  dt=3e-08  t=2.184e-05
GPU Iteration: 729  dt=3e-08  t=2.187e-05
GPU Iteration: 730  dt=3e-08  t=2.19e-05
GPU Iteration: 731  dt=3e-08  t=2.193e-05
GPU Iteration: 732  dt=3e-08  t=2.196e-05
GPU Iteration: 733  dt=3e-08  t=2.199e-05
GPU Iteration: 734  dt=3e-08  t=2.202e-05
GPU Iteration: 735  dt=3e-08  t=2.205e-05
GPU Iteration: 736  dt=3e-08  t=2.208e-05
GPU Iteration: 737  dt=3e-08  t=2.211e-05
GPU Iteration: 738  dt=3e-08  t=2.214e-05
GPU Iteration: 739  dt=3e-08  t=2.217e-05
GPU Iteration: 740  dt=3e-08  t=2.22e-05
GPU Iteration: 741  dt=3e-08  t=2.223e-05
GPU Iteration: 742  dt=3e-08  t=2.226e-05
GPU Iteration: 743  dt=3e-08  t=2.229e-05
GPU Iteration: 744  dt=3e-08  t=2.232e-05
GPU Iteration: 745  dt=3e-08  t=2.235e-05
GPU Iteration: 746  dt=3e-08  t=2.238e-05
GPU Iteration: 747  dt=3e-08  t=2.241e-05
GPU Iteration: 748  dt=3e-08  t=2.244e-05
GPU Iteration: 749  dt=3e-08  t=2.247e-05
GPU Iteration: 750  dt=3e-08  t=2.25e-05
GPU Iteration: 751  dt=3e-08  t=2.253e-05
GPU Iteration: 752  dt=3e-08  t=2.256e-05
GPU Iteration: 753  dt=3e-08  t=2.259e-05
GPU Iteration: 754  dt=3e-08  t=2.262e-05
GPU Iteration: 755  dt=3e-08  t=2.265e-05
GPU Iteration: 756  dt=3e-08  t=2.268e-05
GPU Iteration: 757  dt=3e-08  t=2.271e-05
GPU Iteration: 758  dt=3e-08  t=2.274e-05
GPU Iteration: 759  dt=3e-08  t=2.277e-05
GPU Iteration: 760  dt=3e-08  t=2.28e-05
GPU Iteration: 761  dt=3e-08  t=2.283e-05
GPU Iteration: 762  dt=3e-08  t=2.286e-05
GPU Iteration: 763  dt=3e-08  t=2.289e-05
GPU Iteration: 764  dt=3e-08  t=2.292e-05
GPU Iteration: 765  dt=3e-08  t=2.295e-05
GPU Iteration: 766  dt=3e-08  t=2.298e-05
GPU Iteration: 767  dt=3e-08  t=2.301e-05
GPU Iteration: 768  dt=3e-08  t=2.304e-05
GPU Iteration: 769  dt=3e-08  t=2.307e-05
GPU Iteration: 770  dt=3e-08  t=2.31e-05
GPU Iteration: 771  dt=3e-08  t=2.313e-05
GPU Iteration: 772  dt=3e-08  t=2.316e-05
GPU Iteration: 773  dt=3e-08  t=2.319e-05
GPU Iteration: 774  dt=3e-08  t=2.322e-05
GPU Iteration: 775  dt=3e-08  t=2.325e-05
GPU Iteration: 776  dt=3e-08  t=2.328e-05
GPU Iteration: 777  dt=3e-08  t=2.331e-05
GPU Iteration: 778  dt=3e-08  t=2.334e-05
GPU Iteration: 779  dt=3e-08  t=2.337e-05
GPU Iteration: 780  dt=3e-08  t=2.34e-05
GPU Iteration: 781  dt=3e-08  t=2.343e-05
GPU Iteration: 782  dt=3e-08  t=2.346e-05
GPU Iteration: 783  dt=3e-08  t=2.349e-05
GPU Iteration: 784  dt=3e-08  t=2.352e-05
GPU Iteration: 785  dt=3e-08  t=2.355e-05
GPU Iteration: 786  dt=3e-08  t=2.358e-05
GPU Iteration: 787  dt=3e-08  t=2.361e-05
GPU Iteration: 788  dt=3e-08  t=2.364e-05
GPU Iteration: 789  dt=3e-08  t=2.367e-05
GPU Iteration: 790  dt=3e-08  t=2.37e-05
GPU Iteration: 791  dt=3e-08  t=2.373e-05
GPU Iteration: 792  dt=3e-08  t=2.376e-05
GPU Iteration: 793  dt=3e-08  t=2.379e-05
GPU Iteration: 794  dt=3e-08  t=2.382e-05
GPU Iteration: 795  dt=3e-08  t=2.385e-05
GPU Iteration: 796  dt=3e-08  t=2.388e-05
GPU Iteration: 797  dt=3e-08  t=2.391e-05
GPU Iteration: 798  dt=3e-08  t=2.394e-05
GPU Iteration: 799  dt=3e-08  t=2.397e-05
GPU Iteration: 800  dt=3e-08  t=2.4e-05
GPU Iteration: 801  dt=3e-08  t=2.403e-05
GPU Iteration: 802  dt=3e-08  t=2.406e-05
GPU Iteration: 803  dt=3e-08  t=2.409e-05
GPU Iteration: 804  dt=3e-08  t=2.412e-05
GPU Iteration: 805  dt=3e-08  t=2.415e-05
GPU Iteration: 806  dt=3e-08  t=2.418e-05
GPU Iteration: 807  dt=3e-08  t=2.421e-05
GPU Iteration: 808  dt=3e-08  t=2.424e-05
GPU Iteration: 809  dt=3e-08  t=2.427e-05
GPU Iteration: 810  dt=3e-08  t=2.43e-05
GPU Iteration: 811  dt=3e-08  t=2.433e-05
GPU Iteration: 812  dt=3e-08  t=2.436e-05
GPU Iteration: 813  dt=3e-08  t=2.439e-05
GPU Iteration: 814  dt=3e-08  t=2.442e-05
GPU Iteration: 815  dt=3e-08  t=2.445e-05
GPU Iteration: 816  dt=3e-08  t=2.448e-05
GPU Iteration: 817  dt=3e-08  t=2.451e-05
GPU Iteration: 818  dt=3e-08  t=2.454e-05
GPU Iteration: 819  dt=3e-08  t=2.457e-05
GPU Iteration: 820  dt=3e-08  t=2.46e-05
GPU Iteration: 821  dt=3e-08  t=2.463e-05
GPU Iteration: 822  dt=3e-08  t=2.466e-05
GPU Iteration: 823  dt=3e-08  t=2.469e-05
GPU Iteration: 824  dt=3e-08  t=2.472e-05
GPU Iteration: 825  dt=3e-08  t=2.475e-05
GPU Iteration: 826  dt=3e-08  t=2.478e-05
GPU Iteration: 827  dt=3e-08  t=2.481e-05
GPU Iteration: 828  dt=3e-08  t=2.484e-05
GPU Iteration: 829  dt=3e-08  t=2.487e-05
GPU Iteration: 830  dt=3e-08  t=2.49e-05
GPU Iteration: 831  dt=3e-08  t=2.493e-05
GPU Iteration: 832  dt=3e-08  t=2.496e-05
GPU Iteration: 833  dt=3e-08  t=2.499e-05
GPU Iteration: 834  dt=3e-08  t=2.502e-05
GPU Iteration: 835  dt=3e-08  t=2.505e-05
GPU Iteration: 836  dt=3e-08  t=2.508e-05
GPU Iteration: 837  dt=3e-08  t=2.511e-05
GPU Iteration: 838  dt=3e-08  t=2.514e-05
GPU Iteration: 839  dt=3e-08  t=2.517e-05
GPU Iteration: 840  dt=3e-08  t=2.52e-05
GPU Iteration: 841  dt=3e-08  t=2.523e-05
GPU Iteration: 842  dt=3e-08  t=2.526e-05
GPU Iteration: 843  dt=3e-08  t=2.529e-05
GPU Iteration: 844  dt=3e-08  t=2.532e-05
GPU Iteration: 845  dt=3e-08  t=2.535e-05
GPU Iteration: 846  dt=3e-08  t=2.538e-05
GPU Iteration: 847  dt=3e-08  t=2.541e-05
GPU Iteration: 848  dt=3e-08  t=2.544e-05
GPU Iteration: 849  dt=3e-08  t=2.547e-05
GPU Iteration: 850  dt=3e-08  t=2.55e-05
GPU Iteration: 851  dt=3e-08  t=2.553e-05
GPU Iteration: 852  dt=3e-08  t=2.556e-05
GPU Iteration: 853  dt=3e-08  t=2.559e-05
GPU Iteration: 854  dt=3e-08  t=2.562e-05
GPU Iteration: 855  dt=3e-08  t=2.565e-05
GPU Iteration: 856  dt=3e-08  t=2.568e-05
GPU Iteration: 857  dt=3e-08  t=2.571e-05
GPU Iteration: 858  dt=3e-08  t=2.574e-05
GPU Iteration: 859  dt=3e-08  t=2.577e-05
GPU Iteration: 860  dt=3e-08  t=2.58e-05
GPU Iteration: 861  dt=3e-08  t=2.583e-05
GPU Iteration: 862  dt=3e-08  t=2.586e-05
GPU Iteration: 863  dt=3e-08  t=2.589e-05
GPU Iteration: 864  dt=3e-08  t=2.592e-05
GPU Iteration: 865  dt=3e-08  t=2.595e-05
GPU Iteration: 866  dt=3e-08  t=2.598e-05
GPU Iteration: 867  dt=3e-08  t=2.601e-05
GPU Iteration: 868  dt=3e-08  t=2.604e-05
GPU Iteration: 869  dt=3e-08  t=2.607e-05
GPU Iteration: 870  dt=3e-08  t=2.61e-05
GPU Iteration: 871  dt=3e-08  t=2.613e-05
GPU Iteration: 872  dt=3e-08  t=2.616e-05
GPU Iteration: 873  dt=3e-08  t=2.619e-05
GPU Iteration: 874  dt=3e-08  t=2.622e-05
GPU Iteration: 875  dt=3e-08  t=2.625e-05
GPU Iteration: 876  dt=3e-08  t=2.628e-05
GPU Iteration: 877  dt=3e-08  t=2.631e-05
GPU Iteration: 878  dt=3e-08  t=2.634e-05
GPU Iteration: 879  dt=3e-08  t=2.637e-05
GPU Iteration: 880  dt=3e-08  t=2.64e-05
GPU Iteration: 881  dt=3e-08  t=2.643e-05
GPU Iteration: 882  dt=3e-08  t=2.646e-05
GPU Iteration: 883  dt=3e-08  t=2.649e-05
GPU Iteration: 884  dt=3e-08  t=2.652e-05
GPU Iteration: 885  dt=3e-08  t=2.655e-05
GPU Iteration: 886  dt=3e-08  t=2.658e-05
GPU Iteration: 887  dt=3e-08  t=2.661e-05
GPU Iteration: 888  dt=3e-08  t=2.664e-05
GPU Iteration: 889  dt=3e-08  t=2.667e-05
GPU Iteration: 890  dt=3e-08  t=2.67e-05
GPU Iteration: 891  dt=3e-08  t=2.673e-05
GPU Iteration: 892  dt=3e-08  t=2.676e-05
GPU Iteration: 893  dt=3e-08  t=2.679e-05
GPU Iteration: 894  dt=3e-08  t=2.682e-05
GPU Iteration: 895  dt=3e-08  t=2.685e-05
GPU Iteration: 896  dt=3e-08  t=2.688e-05
GPU Iteration: 897  dt=3e-08  t=2.691e-05
GPU Iteration: 898  dt=3e-08  t=2.694e-05
GPU Iteration: 899  dt=3e-08  t=2.697e-05
GPU Iteration: 900  dt=3e-08  t=2.7e-05
GPU Iteration: 901  dt=3e-08  t=2.703e-05
GPU Iteration: 902  dt=3e-08  t=2.706e-05
GPU Iteration: 903  dt=3e-08  t=2.709e-05
GPU Iteration: 904  dt=3e-08  t=2.712e-05
GPU Iteration: 905  dt=3e-08  t=2.715e-05
GPU Iteration: 906  dt=3e-08  t=2.718e-05
GPU Iteration: 907  dt=3e-08  t=2.721e-05
GPU Iteration: 908  dt=3e-08  t=2.724e-05
GPU Iteration: 909  dt=3e-08  t=2.727e-05
GPU Iteration: 910  dt=3e-08  t=2.73e-05
GPU Iteration: 911  dt=3e-08  t=2.733e-05
GPU Iteration: 912  dt=3e-08  t=2.736e-05
GPU Iteration: 913  dt=3e-08  t=2.739e-05
GPU Iteration: 914  dt=3e-08  t=2.742e-05
GPU Iteration: 915  dt=3e-08  t=2.745e-05
GPU Iteration: 916  dt=3e-08  t=2.748e-05
GPU Iteration: 917  dt=3e-08  t=2.751e-05
GPU Iteration: 918  dt=3e-08  t=2.754e-05
GPU Iteration: 919  dt=3e-08  t=2.757e-05
GPU Iteration: 920  dt=3e-08  t=2.76e-05
GPU Iteration: 921  dt=3e-08  t=2.763e-05
GPU Iteration: 922  dt=3e-08  t=2.766e-05
GPU Iteration: 923  dt=3e-08  t=2.769e-05
GPU Iteration: 924  dt=3e-08  t=2.772e-05
GPU Iteration: 925  dt=3e-08  t=2.775e-05
GPU Iteration: 926  dt=3e-08  t=2.778e-05
GPU Iteration: 927  dt=3e-08  t=2.781e-05
GPU Iteration: 928  dt=3e-08  t=2.784e-05
GPU Iteration: 929  dt=3e-08  t=2.787e-05
GPU Iteration: 930  dt=3e-08  t=2.79e-05
GPU Iteration: 931  dt=3e-08  t=2.793e-05
GPU Iteration: 932  dt=3e-08  t=2.796e-05
GPU Iteration: 933  dt=3e-08  t=2.799e-05
GPU Iteration: 934  dt=3e-08  t=2.802e-05
GPU Iteration: 935  dt=3e-08  t=2.805e-05
GPU Iteration: 936  dt=3e-08  t=2.808e-05
GPU Iteration: 937  dt=3e-08  t=2.811e-05
GPU Iteration: 938  dt=3e-08  t=2.814e-05
GPU Iteration: 939  dt=3e-08  t=2.817e-05
GPU Iteration: 940  dt=3e-08  t=2.82e-05
GPU Iteration: 941  dt=3e-08  t=2.823e-05
GPU Iteration: 942  dt=3e-08  t=2.826e-05
GPU Iteration: 943  dt=3e-08  t=2.829e-05
GPU Iteration: 944  dt=3e-08  t=2.832e-05
GPU Iteration: 945  dt=3e-08  t=2.835e-05
GPU Iteration: 946  dt=3e-08  t=2.838e-05
GPU Iteration: 947  dt=3e-08  t=2.841e-05
GPU Iteration: 948  dt=3e-08  t=2.844e-05
GPU Iteration: 949  dt=3e-08  t=2.847e-05
GPU Iteration: 950  dt=3e-08  t=2.85e-05
GPU Iteration: 951  dt=3e-08  t=2.853e-05
GPU Iteration: 952  dt=3e-08  t=2.856e-05
GPU Iteration: 953  dt=3e-08  t=2.859e-05
GPU Iteration: 954  dt=3e-08  t=2.862e-05
GPU Iteration: 955  dt=3e-08  t=2.865e-05
GPU Iteration: 956  dt=3e-08  t=2.868e-05
GPU Iteration: 957  dt=3e-08  t=2.871e-05
GPU Iteration: 958  dt=3e-08  t=2.874e-05
GPU Iteration: 959  dt=3e-08  t=2.877e-05
GPU Iteration: 960  dt=3e-08  t=2.88e-05
GPU Iteration: 961  dt=3e-08  t=2.883e-05
GPU Iteration: 962  dt=3e-08  t=2.886e-05
GPU Iteration: 963  dt=3e-08  t=2.889e-05
GPU Iteration: 964  dt=3e-08  t=2.892e-05
GPU Iteration: 965  dt=3e-08  t=2.895e-05
GPU Iteration: 966  dt=3e-08  t=2.898e-05
GPU Iteration: 967  dt=3e-08  t=2.901e-05
GPU Iteration: 968  dt=3e-08  t=2.904e-05
GPU Iteration: 969  dt=3e-08  t=2.907e-05
GPU Iteration: 970  dt=3e-08  t=2.91e-05
GPU Iteration: 971  dt=3e-08  t=2.913e-05
GPU Iteration: 972  dt=3e-08  t=2.916e-05
GPU Iteration: 973  dt=3e-08  t=2.919e-05
GPU Iteration: 974  dt=3e-08  t=2.922e-05
GPU Iteration: 975  dt=3e-08  t=2.925e-05
GPU Iteration: 976  dt=3e-08  t=2.928e-05
GPU Iteration: 977  dt=3e-08  t=2.931e-05
GPU Iteration: 978  dt=3e-08  t=2.934e-05
GPU Iteration: 979  dt=3e-08  t=2.937e-05
GPU Iteration: 980  dt=3e-08  t=2.94e-05
GPU Iteration: 981  dt=3e-08  t=2.943e-05
GPU Iteration: 982  dt=3e-08  t=2.946e-05
GPU Iteration: 983  dt=3e-08  t=2.949e-05
GPU Iteration: 984  dt=3e-08  t=2.952e-05
GPU Iteration: 985  dt=3e-08  t=2.955e-05
GPU Iteration: 986  dt=3e-08  t=2.958e-05
GPU Iteration: 987  dt=3e-08  t=2.961e-05
GPU Iteration: 988  dt=3e-08  t=2.964e-05
GPU Iteration: 989  dt=3e-08  t=2.967e-05
GPU Iteration: 990  dt=3e-08  t=2.97e-05
GPU Iteration: 991  dt=3e-08  t=2.973e-05
GPU Iteration: 992  dt=3e-08  t=2.976e-05
GPU Iteration: 993  dt=3e-08  t=2.979e-05
GPU Iteration: 994  dt=3e-08  t=2.982e-05
GPU Iteration: 995  dt=3e-08  t=2.985e-05
GPU Iteration: 996  dt=3e-08  t=2.988e-05
GPU Iteration: 997  dt=3e-08  t=2.991e-05
GPU Iteration: 998  dt=3e-08  t=2.994e-05
GPU Iteration: 999  dt=3e-08  t=2.997e-05
GPU Iteration: 1000  dt=3e-08  t=3e-05
GPU Iteration: 1001  dt=3e-08  t=3.003e-05
GPU Iteration: 1002  dt=3e-08  t=3.006e-05
GPU Iteration: 1003  dt=3e-08  t=3.009e-05
GPU Iteration: 1004  dt=3e-08  t=3.012e-05
GPU Iteration: 1005  dt=3e-08  t=3.015e-05
GPU Iteration: 1006  dt=3e-08  t=3.018e-05
GPU Iteration: 1007  dt=3e-08  t=3.021e-05
GPU Iteration: 1008  dt=3e-08  t=3.024e-05
GPU Iteration: 1009  dt=3e-08  t=3.027e-05
GPU Iteration: 1010  dt=3e-08  t=3.03e-05
GPU Iteration: 1011  dt=3e-08  t=3.033e-05
GPU Iteration: 1012  dt=3e-08  t=3.036e-05
GPU Iteration: 1013  dt=3e-08  t=3.039e-05
GPU Iteration: 1014  dt=3e-08  t=3.042e-05
GPU Iteration: 1015  dt=3e-08  t=3.045e-05
GPU Iteration: 1016  dt=3e-08  t=3.048e-05
GPU Iteration: 1017  dt=3e-08  t=3.051e-05
GPU Iteration: 1018  dt=3e-08  t=3.054e-05
GPU Iteration: 1019  dt=3e-08  t=3.057e-05
GPU Iteration: 1020  dt=3e-08  t=3.06e-05
GPU Iteration: 1021  dt=3e-08  t=3.063e-05
GPU Iteration: 1022  dt=3e-08  t=3.066e-05
GPU Iteration: 1023  dt=3e-08  t=3.069e-05
GPU Iteration: 1024  dt=3e-08  t=3.072e-05
GPU Iteration: 1025  dt=3e-08  t=3.075e-05
GPU Iteration: 1026  dt=3e-08  t=3.078e-05
GPU Iteration: 1027  dt=3e-08  t=3.081e-05
GPU Iteration: 1028  dt=3e-08  t=3.084e-05
GPU Iteration: 1029  dt=3e-08  t=3.087e-05
GPU Iteration: 1030  dt=3e-08  t=3.09e-05
GPU Iteration: 1031  dt=3e-08  t=3.093e-05
GPU Iteration: 1032  dt=3e-08  t=3.096e-05
GPU Iteration: 1033  dt=3e-08  t=3.099e-05
GPU Iteration: 1034  dt=3e-08  t=3.102e-05
GPU Iteration: 1035  dt=3e-08  t=3.105e-05
GPU Iteration: 1036  dt=3e-08  t=3.108e-05
GPU Iteration: 1037  dt=3e-08  t=3.111e-05
GPU Iteration: 1038  dt=3e-08  t=3.114e-05
GPU Iteration: 1039  dt=3e-08  t=3.117e-05
GPU Iteration: 1040  dt=3e-08  t=3.12e-05
GPU Iteration: 1041  dt=3e-08  t=3.123e-05
GPU Iteration: 1042  dt=3e-08  t=3.126e-05
GPU Iteration: 1043  dt=3e-08  t=3.129e-05
GPU Iteration: 1044  dt=3e-08  t=3.132e-05
GPU Iteration: 1045  dt=3e-08  t=3.135e-05
GPU Iteration: 1046  dt=3e-08  t=3.138e-05
GPU Iteration: 1047  dt=3e-08  t=3.141e-05
GPU Iteration: 1048  dt=3e-08  t=3.144e-05
GPU Iteration: 1049  dt=3e-08  t=3.147e-05
GPU Iteration: 1050  dt=3e-08  t=3.15e-05
GPU Iteration: 1051  dt=3e-08  t=3.153e-05
GPU Iteration: 1052  dt=3e-08  t=3.156e-05
GPU Iteration: 1053  dt=3e-08  t=3.159e-05
GPU Iteration: 1054  dt=3e-08  t=3.162e-05
GPU Iteration: 1055  dt=3e-08  t=3.165e-05
GPU Iteration: 1056  dt=3e-08  t=3.168e-05
GPU Iteration: 1057  dt=3e-08  t=3.171e-05
GPU Iteration: 1058  dt=3e-08  t=3.174e-05
GPU Iteration: 1059  dt=3e-08  t=3.177e-05
GPU Iteration: 1060  dt=3e-08  t=3.18e-05
GPU Iteration: 1061  dt=3e-08  t=3.183e-05
GPU Iteration: 1062  dt=3e-08  t=3.186e-05
GPU Iteration: 1063  dt=3e-08  t=3.189e-05
GPU Iteration: 1064  dt=3e-08  t=3.192e-05
GPU Iteration: 1065  dt=3e-08  t=3.195e-05
GPU Iteration: 1066  dt=3e-08  t=3.198e-05
GPU Iteration: 1067  dt=3e-08  t=3.201e-05
GPU Iteration: 1068  dt=3e-08  t=3.204e-05
GPU Iteration: 1069  dt=3e-08  t=3.207e-05
GPU Iteration: 1070  dt=3e-08  t=3.21e-05
GPU Iteration: 1071  dt=3e-08  t=3.213e-05
GPU Iteration: 1072  dt=3e-08  t=3.216e-05
GPU Iteration: 1073  dt=3e-08  t=3.219e-05
GPU Iteration: 1074  dt=3e-08  t=3.222e-05
GPU Iteration: 1075  dt=3e-08  t=3.225e-05
GPU Iteration: 1076  dt=3e-08  t=3.228e-05
GPU Iteration: 1077  dt=3e-08  t=3.231e-05
GPU Iteration: 1078  dt=3e-08  t=3.234e-05
GPU Iteration: 1079  dt=3e-08  t=3.237e-05
GPU Iteration: 1080  dt=3e-08  t=3.24e-05
GPU Iteration: 1081  dt=3e-08  t=3.243e-05
GPU Iteration: 1082  dt=3e-08  t=3.246e-05
GPU Iteration: 1083  dt=3e-08  t=3.249e-05
GPU Iteration: 1084  dt=3e-08  t=3.252e-05
GPU Iteration: 1085  dt=3e-08  t=3.255e-05
GPU Iteration: 1086  dt=3e-08  t=3.258e-05
GPU Iteration: 1087  dt=3e-08  t=3.261e-05
GPU Iteration: 1088  dt=3e-08  t=3.264e-05
GPU Iteration: 1089  dt=3e-08  t=3.267e-05
GPU Iteration: 1090  dt=3e-08  t=3.27e-05
GPU Iteration: 1091  dt=3e-08  t=3.273e-05
GPU Iteration: 1092  dt=3e-08  t=3.276e-05
GPU Iteration: 1093  dt=3e-08  t=3.279e-05
GPU Iteration: 1094  dt=3e-08  t=3.282e-05
GPU Iteration: 1095  dt=3e-08  t=3.285e-05
GPU Iteration: 1096  dt=3e-08  t=3.288e-05
GPU Iteration: 1097  dt=3e-08  t=3.291e-05
GPU Iteration: 1098  dt=3e-08  t=3.294e-05
GPU Iteration: 1099  dt=3e-08  t=3.297e-05
GPU Iteration: 1100  dt=3e-08  t=3.3e-05
GPU Iteration: 1101  dt=3e-08  t=3.303e-05
GPU Iteration: 1102  dt=3e-08  t=3.306e-05
GPU Iteration: 1103  dt=3e-08  t=3.309e-05
GPU Iteration: 1104  dt=3e-08  t=3.312e-05
GPU Iteration: 1105  dt=3e-08  t=3.315e-05
GPU Iteration: 1106  dt=3e-08  t=3.318e-05
GPU Iteration: 1107  dt=3e-08  t=3.321e-05
GPU Iteration: 1108  dt=3e-08  t=3.324e-05
GPU Iteration: 1109  dt=3e-08  t=3.327e-05
GPU Iteration: 1110  dt=3e-08  t=3.33e-05
GPU Iteration: 1111  dt=3e-08  t=3.333e-05
GPU Iteration: 1112  dt=3e-08  t=3.336e-05
GPU Iteration: 1113  dt=3e-08  t=3.339e-05
GPU Iteration: 1114  dt=3e-08  t=3.342e-05
GPU Iteration: 1115  dt=3e-08  t=3.345e-05
GPU Iteration: 1116  dt=3e-08  t=3.348e-05
GPU Iteration: 1117  dt=3e-08  t=3.351e-05
GPU Iteration: 1118  dt=3e-08  t=3.354e-05
GPU Iteration: 1119  dt=3e-08  t=3.357e-05
GPU Iteration: 1120  dt=3e-08  t=3.36e-05
GPU Iteration: 1121  dt=3e-08  t=3.363e-05
GPU Iteration: 1122  dt=3e-08  t=3.366e-05
GPU Iteration: 1123  dt=3e-08  t=3.369e-05
GPU Iteration: 1124  dt=3e-08  t=3.372e-05
GPU Iteration: 1125  dt=3e-08  t=3.375e-05
GPU Iteration: 1126  dt=3e-08  t=3.378e-05
GPU Iteration: 1127  dt=3e-08  t=3.381e-05
GPU Iteration: 1128  dt=3e-08  t=3.384e-05
GPU Iteration: 1129  dt=3e-08  t=3.387e-05
GPU Iteration: 1130  dt=3e-08  t=3.39e-05
GPU Iteration: 1131  dt=3e-08  t=3.393e-05
GPU Iteration: 1132  dt=3e-08  t=3.396e-05
GPU Iteration: 1133  dt=3e-08  t=3.399e-05
GPU Iteration: 1134  dt=3e-08  t=3.402e-05
GPU Iteration: 1135  dt=3e-08  t=3.405e-05
GPU Iteration: 1136  dt=3e-08  t=3.408e-05
GPU Iteration: 1137  dt=3e-08  t=3.411e-05
GPU Iteration: 1138  dt=3e-08  t=3.414e-05
GPU Iteration: 1139  dt=3e-08  t=3.417e-05
GPU Iteration: 1140  dt=3e-08  t=3.42e-05
GPU Iteration: 1141  dt=3e-08  t=3.423e-05
GPU Iteration: 1142  dt=3e-08  t=3.426e-05
GPU Iteration: 1143  dt=3e-08  t=3.429e-05
GPU Iteration: 1144  dt=3e-08  t=3.432e-05
GPU Iteration: 1145  dt=3e-08  t=3.435e-05
GPU Iteration: 1146  dt=3e-08  t=3.438e-05
GPU Iteration: 1147  dt=3e-08  t=3.441e-05
GPU Iteration: 1148  dt=3e-08  t=3.444e-05
GPU Iteration: 1149  dt=3e-08  t=3.447e-05
GPU Iteration: 1150  dt=3e-08  t=3.45e-05
GPU Iteration: 1151  dt=3e-08  t=3.453e-05
GPU Iteration: 1152  dt=3e-08  t=3.456e-05
GPU Iteration: 1153  dt=3e-08  t=3.459e-05
GPU Iteration: 1154  dt=3e-08  t=3.462e-05
GPU Iteration: 1155  dt=3e-08  t=3.465e-05
GPU Iteration: 1156  dt=3e-08  t=3.468e-05
GPU Iteration: 1157  dt=3e-08  t=3.471e-05
GPU Iteration: 1158  dt=3e-08  t=3.474e-05
GPU Iteration: 1159  dt=3e-08  t=3.477e-05
GPU Iteration: 1160  dt=3e-08  t=3.48e-05
GPU Iteration: 1161  dt=3e-08  t=3.483e-05
GPU Iteration: 1162  dt=3e-08  t=3.486e-05
GPU Iteration: 1163  dt=3e-08  t=3.489e-05
GPU Iteration: 1164  dt=3e-08  t=3.492e-05
GPU Iteration: 1165  dt=3e-08  t=3.495e-05
GPU Iteration: 1166  dt=3e-08  t=3.498e-05
GPU Iteration: 1167  dt=3e-08  t=3.501e-05
GPU Iteration: 1168  dt=3e-08  t=3.504e-05
GPU Iteration: 1169  dt=3e-08  t=3.507e-05
GPU Iteration: 1170  dt=3e-08  t=3.51e-05
GPU Iteration: 1171  dt=3e-08  t=3.513e-05
GPU Iteration: 1172  dt=3e-08  t=3.516e-05
GPU Iteration: 1173  dt=3e-08  t=3.519e-05
GPU Iteration: 1174  dt=3e-08  t=3.522e-05
GPU Iteration: 1175  dt=3e-08  t=3.525e-05
GPU Iteration: 1176  dt=3e-08  t=3.528e-05
GPU Iteration: 1177  dt=3e-08  t=3.531e-05
GPU Iteration: 1178  dt=3e-08  t=3.534e-05
GPU Iteration: 1179  dt=3e-08  t=3.537e-05
GPU Iteration: 1180  dt=3e-08  t=3.54e-05
GPU Iteration: 1181  dt=3e-08  t=3.543e-05
GPU Iteration: 1182  dt=3e-08  t=3.546e-05
GPU Iteration: 1183  dt=3e-08  t=3.549e-05
GPU Iteration: 1184  dt=3e-08  t=3.552e-05
GPU Iteration: 1185  dt=3e-08  t=3.555e-05
GPU Iteration: 1186  dt=3e-08  t=3.558e-05
GPU Iteration: 1187  dt=3e-08  t=3.561e-05
GPU Iteration: 1188  dt=3e-08  t=3.564e-05
GPU Iteration: 1189  dt=3e-08  t=3.567e-05
GPU Iteration: 1190  dt=3e-08  t=3.57e-05
GPU Iteration: 1191  dt=3e-08  t=3.573e-05
GPU Iteration: 1192  dt=3e-08  t=3.576e-05
GPU Iteration: 1193  dt=3e-08  t=3.579e-05
GPU Iteration: 1194  dt=3e-08  t=3.582e-05
GPU Iteration: 1195  dt=3e-08  t=3.585e-05
GPU Iteration: 1196  dt=3e-08  t=3.588e-05
GPU Iteration: 1197  dt=3e-08  t=3.591e-05
GPU Iteration: 1198  dt=3e-08  t=3.594e-05
GPU Iteration: 1199  dt=3e-08  t=3.597e-05
GPU Iteration: 1200  dt=3e-08  t=3.6e-05
GPU Iteration: 1201  dt=3e-08  t=3.603e-05
GPU Iteration: 1202  dt=3e-08  t=3.606e-05
GPU Iteration: 1203  dt=3e-08  t=3.609e-05
GPU Iteration: 1204  dt=3e-08  t=3.612e-05
GPU Iteration: 1205  dt=3e-08  t=3.615e-05
GPU Iteration: 1206  dt=3e-08  t=3.618e-05
GPU Iteration: 1207  dt=3e-08  t=3.621e-05
GPU Iteration: 1208  dt=3e-08  t=3.624e-05
GPU Iteration: 1209  dt=3e-08  t=3.627e-05
GPU Iteration: 1210  dt=3e-08  t=3.63e-05
GPU Iteration: 1211  dt=3e-08  t=3.633e-05
GPU Iteration: 1212  dt=3e-08  t=3.636e-05
GPU Iteration: 1213  dt=3e-08  t=3.639e-05
GPU Iteration: 1214  dt=3e-08  t=3.642e-05
GPU Iteration: 1215  dt=3e-08  t=3.645e-05
GPU Iteration: 1216  dt=3e-08  t=3.648e-05
GPU Iteration: 1217  dt=3e-08  t=3.651e-05
GPU Iteration: 1218  dt=3e-08  t=3.654e-05
GPU Iteration: 1219  dt=3e-08  t=3.657e-05
GPU Iteration: 1220  dt=3e-08  t=3.66e-05
GPU Iteration: 1221  dt=3e-08  t=3.663e-05
GPU Iteration: 1222  dt=3e-08  t=3.666e-05
GPU Iteration: 1223  dt=3e-08  t=3.669e-05
GPU Iteration: 1224  dt=3e-08  t=3.672e-05
GPU Iteration: 1225  dt=3e-08  t=3.675e-05
GPU Iteration: 1226  dt=3e-08  t=3.678e-05
GPU Iteration: 1227  dt=3e-08  t=3.681e-05
GPU Iteration: 1228  dt=3e-08  t=3.684e-05
GPU Iteration: 1229  dt=3e-08  t=3.687e-05
GPU Iteration: 1230  dt=3e-08  t=3.69e-05
GPU Iteration: 1231  dt=3e-08  t=3.693e-05
GPU Iteration: 1232  dt=3e-08  t=3.696e-05
GPU Iteration: 1233  dt=3e-08  t=3.699e-05
GPU Iteration: 1234  dt=3e-08  t=3.702e-05
GPU Iteration: 1235  dt=3e-08  t=3.705e-05
GPU Iteration: 1236  dt=3e-08  t=3.708e-05
GPU Iteration: 1237  dt=3e-08  t=3.711e-05
GPU Iteration: 1238  dt=3e-08  t=3.714e-05
GPU Iteration: 1239  dt=3e-08  t=3.717e-05
GPU Iteration: 1240  dt=3e-08  t=3.72e-05
GPU Iteration: 1241  dt=3e-08  t=3.723e-05
GPU Iteration: 1242  dt=3e-08  t=3.726e-05
GPU Iteration: 1243  dt=3e-08  t=3.729e-05
GPU Iteration: 1244  dt=3e-08  t=3.732e-05
GPU Iteration: 1245  dt=3e-08  t=3.735e-05
GPU Iteration: 1246  dt=3e-08  t=3.738e-05
GPU Iteration: 1247  dt=3e-08  t=3.741e-05
GPU Iteration: 1248  dt=3e-08  t=3.744e-05
GPU Iteration: 1249  dt=3e-08  t=3.747e-05
GPU Iteration: 1250  dt=3e-08  t=3.75e-05
GPU Iteration: 1251  dt=3e-08  t=3.753e-05
GPU Iteration: 1252  dt=3e-08  t=3.756e-05
GPU Iteration: 1253  dt=3e-08  t=3.759e-05
GPU Iteration: 1254  dt=3e-08  t=3.762e-05
GPU Iteration: 1255  dt=3e-08  t=3.765e-05
GPU Iteration: 1256  dt=3e-08  t=3.768e-05
GPU Iteration: 1257  dt=3e-08  t=3.771e-05
GPU Iteration: 1258  dt=3e-08  t=3.774e-05
GPU Iteration: 1259  dt=3e-08  t=3.777e-05
GPU Iteration: 1260  dt=3e-08  t=3.78e-05
GPU Iteration: 1261  dt=3e-08  t=3.783e-05
GPU Iteration: 1262  dt=3e-08  t=3.786e-05
GPU Iteration: 1263  dt=3e-08  t=3.789e-05
GPU Iteration: 1264  dt=3e-08  t=3.792e-05
GPU Iteration: 1265  dt=3e-08  t=3.795e-05
GPU Iteration: 1266  dt=3e-08  t=3.798e-05
GPU Iteration: 1267  dt=3e-08  t=3.801e-05
GPU Iteration: 1268  dt=3e-08  t=3.804e-05
GPU Iteration: 1269  dt=3e-08  t=3.807e-05
GPU Iteration: 1270  dt=3e-08  t=3.81e-05
GPU Iteration: 1271  dt=3e-08  t=3.813e-05
GPU Iteration: 1272  dt=3e-08  t=3.816e-05
GPU Iteration: 1273  dt=3e-08  t=3.819e-05
GPU Iteration: 1274  dt=3e-08  t=3.822e-05
GPU Iteration: 1275  dt=3e-08  t=3.825e-05
GPU Iteration: 1276  dt=3e-08  t=3.828e-05
GPU Iteration: 1277  dt=3e-08  t=3.831e-05
GPU Iteration: 1278  dt=3e-08  t=3.834e-05
GPU Iteration: 1279  dt=3e-08  t=3.837e-05
GPU Iteration: 1280  dt=3e-08  t=3.84e-05
GPU Iteration: 1281  dt=3e-08  t=3.843e-05
GPU Iteration: 1282  dt=3e-08  t=3.846e-05
GPU Iteration: 1283  dt=3e-08  t=3.849e-05
GPU Iteration: 1284  dt=3e-08  t=3.852e-05
GPU Iteration: 1285  dt=3e-08  t=3.855e-05
GPU Iteration: 1286  dt=3e-08  t=3.858e-05
GPU Iteration: 1287  dt=3e-08  t=3.861e-05
GPU Iteration: 1288  dt=3e-08  t=3.864e-05
GPU Iteration: 1289  dt=3e-08  t=3.867e-05
GPU Iteration: 1290  dt=3e-08  t=3.87e-05
GPU Iteration: 1291  dt=3e-08  t=3.873e-05
GPU Iteration: 1292  dt=3e-08  t=3.876e-05
GPU Iteration: 1293  dt=3e-08  t=3.879e-05
GPU Iteration: 1294  dt=3e-08  t=3.882e-05
GPU Iteration: 1295  dt=3e-08  t=3.885e-05
GPU Iteration: 1296  dt=3e-08  t=3.888e-05
GPU Iteration: 1297  dt=3e-08  t=3.891e-05
GPU Iteration: 1298  dt=3e-08  t=3.894e-05
GPU Iteration: 1299  dt=3e-08  t=3.897e-05
GPU Iteration: 1300  dt=3e-08  t=3.9e-05
GPU Iteration: 1301  dt=3e-08  t=3.903e-05
GPU Iteration: 1302  dt=3e-08  t=3.906e-05
GPU Iteration: 1303  dt=3e-08  t=3.909e-05
GPU Iteration: 1304  dt=3e-08  t=3.912e-05
GPU Iteration: 1305  dt=3e-08  t=3.915e-05
GPU Iteration: 1306  dt=3e-08  t=3.918e-05
GPU Iteration: 1307  dt=3e-08  t=3.921e-05
GPU Iteration: 1308  dt=3e-08  t=3.924e-05
GPU Iteration: 1309  dt=3e-08  t=3.927e-05
GPU Iteration: 1310  dt=3e-08  t=3.93e-05
GPU Iteration: 1311  dt=3e-08  t=3.933e-05
GPU Iteration: 1312  dt=3e-08  t=3.936e-05
GPU Iteration: 1313  dt=3e-08  t=3.939e-05
GPU Iteration: 1314  dt=3e-08  t=3.942e-05
GPU Iteration: 1315  dt=3e-08  t=3.945e-05
GPU Iteration: 1316  dt=3e-08  t=3.948e-05
GPU Iteration: 1317  dt=3e-08  t=3.951e-05
GPU Iteration: 1318  dt=3e-08  t=3.954e-05
GPU Iteration: 1319  dt=3e-08  t=3.957e-05
GPU Iteration: 1320  dt=3e-08  t=3.96e-05
GPU Iteration: 1321  dt=3e-08  t=3.963e-05
GPU Iteration: 1322  dt=3e-08  t=3.966e-05
GPU Iteration: 1323  dt=3e-08  t=3.969e-05
GPU Iteration: 1324  dt=3e-08  t=3.972e-05
GPU Iteration: 1325  dt=3e-08  t=3.975e-05
GPU Iteration: 1326  dt=3e-08  t=3.978e-05
GPU Iteration: 1327  dt=3e-08  t=3.981e-05
GPU Iteration: 1328  dt=3e-08  t=3.984e-05
GPU Iteration: 1329  dt=3e-08  t=3.987e-05
GPU Iteration: 1330  dt=3e-08  t=3.99e-05
GPU Iteration: 1331  dt=3e-08  t=3.993e-05
GPU Iteration: 1332  dt=3e-08  t=3.996e-05
GPU Iteration: 1333  dt=3e-08  t=3.999e-05
GPU Iteration: 1334  dt=3e-08  t=4.002e-05
GPU Iteration: 1335  dt=3e-08  t=4.005e-05
GPU Iteration: 1336  dt=3e-08  t=4.008e-05
GPU Iteration: 1337  dt=3e-08  t=4.011e-05
GPU Iteration: 1338  dt=3e-08  t=4.014e-05
GPU Iteration: 1339  dt=3e-08  t=4.017e-05
GPU Iteration: 1340  dt=3e-08  t=4.02e-05
GPU Iteration: 1341  dt=3e-08  t=4.023e-05
GPU Iteration: 1342  dt=3e-08  t=4.026e-05
GPU Iteration: 1343  dt=3e-08  t=4.029e-05
GPU Iteration: 1344  dt=3e-08  t=4.032e-05
GPU Iteration: 1345  dt=3e-08  t=4.035e-05
GPU Iteration: 1346  dt=3e-08  t=4.038e-05
GPU Iteration: 1347  dt=3e-08  t=4.041e-05
GPU Iteration: 1348  dt=3e-08  t=4.044e-05
GPU Iteration: 1349  dt=3e-08  t=4.047e-05
GPU Iteration: 1350  dt=3e-08  t=4.05e-05
GPU Iteration: 1351  dt=3e-08  t=4.053e-05
GPU Iteration: 1352  dt=3e-08  t=4.056e-05
GPU Iteration: 1353  dt=3e-08  t=4.059e-05
GPU Iteration: 1354  dt=3e-08  t=4.062e-05
GPU Iteration: 1355  dt=3e-08  t=4.065e-05
GPU Iteration: 1356  dt=3e-08  t=4.068e-05
GPU Iteration: 1357  dt=3e-08  t=4.071e-05
GPU Iteration: 1358  dt=3e-08  t=4.074e-05
GPU Iteration: 1359  dt=3e-08  t=4.077e-05
GPU Iteration: 1360  dt=3e-08  t=4.08e-05
GPU Iteration: 1361  dt=3e-08  t=4.083e-05
GPU Iteration: 1362  dt=3e-08  t=4.086e-05
GPU Iteration: 1363  dt=3e-08  t=4.089e-05
GPU Iteration: 1364  dt=3e-08  t=4.092e-05
GPU Iteration: 1365  dt=3e-08  t=4.095e-05
GPU Iteration: 1366  dt=3e-08  t=4.098e-05
GPU Iteration: 1367  dt=3e-08  t=4.101e-05
GPU Iteration: 1368  dt=3e-08  t=4.104e-05
GPU Iteration: 1369  dt=3e-08  t=4.107e-05
GPU Iteration: 1370  dt=3e-08  t=4.11e-05
GPU Iteration: 1371  dt=3e-08  t=4.113e-05
GPU Iteration: 1372  dt=3e-08  t=4.116e-05
GPU Iteration: 1373  dt=3e-08  t=4.119e-05
GPU Iteration: 1374  dt=3e-08  t=4.122e-05
GPU Iteration: 1375  dt=3e-08  t=4.125e-05
GPU Iteration: 1376  dt=3e-08  t=4.128e-05
GPU Iteration: 1377  dt=3e-08  t=4.131e-05
GPU Iteration: 1378  dt=3e-08  t=4.134e-05
GPU Iteration: 1379  dt=3e-08  t=4.137e-05
GPU Iteration: 1380  dt=3e-08  t=4.14e-05
GPU Iteration: 1381  dt=3e-08  t=4.143e-05
GPU Iteration: 1382  dt=3e-08  t=4.146e-05
GPU Iteration: 1383  dt=3e-08  t=4.149e-05
GPU Iteration: 1384  dt=3e-08  t=4.152e-05
GPU Iteration: 1385  dt=3e-08  t=4.155e-05
GPU Iteration: 1386  dt=3e-08  t=4.158e-05
GPU Iteration: 1387  dt=3e-08  t=4.161e-05
GPU Iteration: 1388  dt=3e-08  t=4.164e-05
GPU Iteration: 1389  dt=3e-08  t=4.167e-05
GPU Iteration: 1390  dt=3e-08  t=4.17e-05
GPU Iteration: 1391  dt=3e-08  t=4.173e-05
GPU Iteration: 1392  dt=3e-08  t=4.176e-05
GPU Iteration: 1393  dt=3e-08  t=4.179e-05
GPU Iteration: 1394  dt=3e-08  t=4.182e-05
GPU Iteration: 1395  dt=3e-08  t=4.185e-05
GPU Iteration: 1396  dt=3e-08  t=4.188e-05
GPU Iteration: 1397  dt=3e-08  t=4.191e-05
GPU Iteration: 1398  dt=3e-08  t=4.194e-05
GPU Iteration: 1399  dt=3e-08  t=4.197e-05
GPU Iteration: 1400  dt=3e-08  t=4.2e-05
GPU Iteration: 1401  dt=3e-08  t=4.203e-05
GPU Iteration: 1402  dt=3e-08  t=4.206e-05
GPU Iteration: 1403  dt=3e-08  t=4.209e-05
GPU Iteration: 1404  dt=3e-08  t=4.212e-05
GPU Iteration: 1405  dt=3e-08  t=4.215e-05
GPU Iteration: 1406  dt=3e-08  t=4.218e-05
GPU Iteration: 1407  dt=3e-08  t=4.221e-05
GPU Iteration: 1408  dt=3e-08  t=4.224e-05
GPU Iteration: 1409  dt=3e-08  t=4.227e-05
GPU Iteration: 1410  dt=3e-08  t=4.23e-05
GPU Iteration: 1411  dt=3e-08  t=4.233e-05
GPU Iteration: 1412  dt=3e-08  t=4.236e-05
GPU Iteration: 1413  dt=3e-08  t=4.239e-05
GPU Iteration: 1414  dt=3e-08  t=4.242e-05
GPU Iteration: 1415  dt=3e-08  t=4.245e-05
GPU Iteration: 1416  dt=3e-08  t=4.248e-05
GPU Iteration: 1417  dt=3e-08  t=4.251e-05
GPU Iteration: 1418  dt=3e-08  t=4.254e-05
GPU Iteration: 1419  dt=3e-08  t=4.257e-05
GPU Iteration: 1420  dt=3e-08  t=4.26e-05
GPU Iteration: 1421  dt=3e-08  t=4.263e-05
GPU Iteration: 1422  dt=3e-08  t=4.266e-05
GPU Iteration: 1423  dt=3e-08  t=4.269e-05
GPU Iteration: 1424  dt=3e-08  t=4.272e-05
GPU Iteration: 1425  dt=3e-08  t=4.275e-05
GPU Iteration: 1426  dt=3e-08  t=4.278e-05
GPU Iteration: 1427  dt=3e-08  t=4.281e-05
GPU Iteration: 1428  dt=3e-08  t=4.284e-05
GPU Iteration: 1429  dt=3e-08  t=4.287e-05
GPU Iteration: 1430  dt=3e-08  t=4.29e-05
GPU Iteration: 1431  dt=3e-08  t=4.293e-05
GPU Iteration: 1432  dt=3e-08  t=4.296e-05
GPU Iteration: 1433  dt=3e-08  t=4.299e-05
GPU Iteration: 1434  dt=3e-08  t=4.302e-05
GPU Iteration: 1435  dt=3e-08  t=4.305e-05
GPU Iteration: 1436  dt=3e-08  t=4.308e-05
GPU Iteration: 1437  dt=3e-08  t=4.311e-05
GPU Iteration: 1438  dt=3e-08  t=4.314e-05
GPU Iteration: 1439  dt=3e-08  t=4.317e-05
GPU Iteration: 1440  dt=3e-08  t=4.32e-05
GPU Iteration: 1441  dt=3e-08  t=4.323e-05
GPU Iteration: 1442  dt=3e-08  t=4.326e-05
GPU Iteration: 1443  dt=3e-08  t=4.329e-05
GPU Iteration: 1444  dt=3e-08  t=4.332e-05
GPU Iteration: 1445  dt=3e-08  t=4.335e-05
GPU Iteration: 1446  dt=3e-08  t=4.338e-05
GPU Iteration: 1447  dt=3e-08  t=4.341e-05
GPU Iteration: 1448  dt=3e-08  t=4.344e-05
GPU Iteration: 1449  dt=3e-08  t=4.347e-05
GPU Iteration: 1450  dt=3e-08  t=4.35e-05
GPU Iteration: 1451  dt=3e-08  t=4.353e-05
GPU Iteration: 1452  dt=3e-08  t=4.356e-05
GPU Iteration: 1453  dt=3e-08  t=4.359e-05
GPU Iteration: 1454  dt=3e-08  t=4.362e-05
GPU Iteration: 1455  dt=3e-08  t=4.365e-05
GPU Iteration: 1456  dt=3e-08  t=4.368e-05
GPU Iteration: 1457  dt=3e-08  t=4.371e-05
GPU Iteration: 1458  dt=3e-08  t=4.374e-05
GPU Iteration: 1459  dt=3e-08  t=4.377e-05
GPU Iteration: 1460  dt=3e-08  t=4.38e-05
GPU Iteration: 1461  dt=3e-08  t=4.383e-05
GPU Iteration: 1462  dt=3e-08  t=4.386e-05
GPU Iteration: 1463  dt=3e-08  t=4.389e-05
GPU Iteration: 1464  dt=3e-08  t=4.392e-05
GPU Iteration: 1465  dt=3e-08  t=4.395e-05
GPU Iteration: 1466  dt=3e-08  t=4.398e-05
GPU Iteration: 1467  dt=3e-08  t=4.401e-05
GPU Iteration: 1468  dt=3e-08  t=4.404e-05
GPU Iteration: 1469  dt=3e-08  t=4.407e-05
GPU Iteration: 1470  dt=3e-08  t=4.41e-05
GPU Iteration: 1471  dt=3e-08  t=4.413e-05
GPU Iteration: 1472  dt=3e-08  t=4.416e-05
GPU Iteration: 1473  dt=3e-08  t=4.419e-05
GPU Iteration: 1474  dt=3e-08  t=4.422e-05
GPU Iteration: 1475  dt=3e-08  t=4.425e-05
GPU Iteration: 1476  dt=3e-08  t=4.428e-05
GPU Iteration: 1477  dt=3e-08  t=4.431e-05
GPU Iteration: 1478  dt=3e-08  t=4.434e-05
GPU Iteration: 1479  dt=3e-08  t=4.437e-05
GPU Iteration: 1480  dt=3e-08  t=4.44e-05
GPU Iteration: 1481  dt=3e-08  t=4.443e-05
GPU Iteration: 1482  dt=3e-08  t=4.446e-05
GPU Iteration: 1483  dt=3e-08  t=4.449e-05
GPU Iteration: 1484  dt=3e-08  t=4.452e-05
GPU Iteration: 1485  dt=3e-08  t=4.455e-05
GPU Iteration: 1486  dt=3e-08  t=4.458e-05
GPU Iteration: 1487  dt=3e-08  t=4.461e-05
GPU Iteration: 1488  dt=3e-08  t=4.464e-05
GPU Iteration: 1489  dt=3e-08  t=4.467e-05
GPU Iteration: 1490  dt=3e-08  t=4.47e-05
GPU Iteration: 1491  dt=3e-08  t=4.473e-05
GPU Iteration: 1492  dt=3e-08  t=4.476e-05
GPU Iteration: 1493  dt=3e-08  t=4.479e-05
GPU Iteration: 1494  dt=3e-08  t=4.482e-05
GPU Iteration: 1495  dt=3e-08  t=4.485e-05
GPU Iteration: 1496  dt=3e-08  t=4.488e-05
GPU Iteration: 1497  dt=3e-08  t=4.491e-05
GPU Iteration: 1498  dt=3e-08  t=4.494e-05
GPU Iteration: 1499  dt=3e-08  t=4.497e-05
GPU Iteration: 1500  dt=3e-08  t=4.5e-05
GPU Iteration: 1501  dt=3e-08  t=4.503e-05
GPU Iteration: 1502  dt=3e-08  t=4.506e-05
GPU Iteration: 1503  dt=3e-08  t=4.509e-05
GPU Iteration: 1504  dt=3e-08  t=4.512e-05
GPU Iteration: 1505  dt=3e-08  t=4.515e-05
GPU Iteration: 1506  dt=3e-08  t=4.518e-05
GPU Iteration: 1507  dt=3e-08  t=4.521e-05
GPU Iteration: 1508  dt=3e-08  t=4.524e-05
GPU Iteration: 1509  dt=3e-08  t=4.527e-05
GPU Iteration: 1510  dt=3e-08  t=4.53e-05
GPU Iteration: 1511  dt=3e-08  t=4.533e-05
GPU Iteration: 1512  dt=3e-08  t=4.536e-05
GPU Iteration: 1513  dt=3e-08  t=4.539e-05
GPU Iteration: 1514  dt=3e-08  t=4.542e-05
GPU Iteration: 1515  dt=3e-08  t=4.545e-05
GPU Iteration: 1516  dt=3e-08  t=4.548e-05
GPU Iteration: 1517  dt=3e-08  t=4.551e-05
GPU Iteration: 1518  dt=3e-08  t=4.554e-05
GPU Iteration: 1519  dt=3e-08  t=4.557e-05
GPU Iteration: 1520  dt=3e-08  t=4.56e-05
GPU Iteration: 1521  dt=3e-08  t=4.563e-05
GPU Iteration: 1522  dt=3e-08  t=4.566e-05
GPU Iteration: 1523  dt=3e-08  t=4.569e-05
GPU Iteration: 1524  dt=3e-08  t=4.572e-05
GPU Iteration: 1525  dt=3e-08  t=4.575e-05
GPU Iteration: 1526  dt=3e-08  t=4.578e-05
GPU Iteration: 1527  dt=3e-08  t=4.581e-05
GPU Iteration: 1528  dt=3e-08  t=4.584e-05
GPU Iteration: 1529  dt=3e-08  t=4.587e-05
GPU Iteration: 1530  dt=3e-08  t=4.59e-05
GPU Iteration: 1531  dt=3e-08  t=4.593e-05
GPU Iteration: 1532  dt=3e-08  t=4.596e-05
GPU Iteration: 1533  dt=3e-08  t=4.599e-05
GPU Iteration: 1534  dt=3e-08  t=4.602e-05
GPU Iteration: 1535  dt=3e-08  t=4.605e-05
GPU Iteration: 1536  dt=3e-08  t=4.608e-05
GPU Iteration: 1537  dt=3e-08  t=4.611e-05
GPU Iteration: 1538  dt=3e-08  t=4.614e-05
GPU Iteration: 1539  dt=3e-08  t=4.617e-05
GPU Iteration: 1540  dt=3e-08  t=4.62e-05
GPU Iteration: 1541  dt=3e-08  t=4.623e-05
GPU Iteration: 1542  dt=3e-08  t=4.626e-05
GPU Iteration: 1543  dt=3e-08  t=4.629e-05
GPU Iteration: 1544  dt=3e-08  t=4.632e-05
GPU Iteration: 1545  dt=3e-08  t=4.635e-05
GPU Iteration: 1546  dt=3e-08  t=4.638e-05
GPU Iteration: 1547  dt=3e-08  t=4.641e-05
GPU Iteration: 1548  dt=3e-08  t=4.644e-05
GPU Iteration: 1549  dt=3e-08  t=4.647e-05
GPU Iteration: 1550  dt=3e-08  t=4.65e-05
GPU Iteration: 1551  dt=3e-08  t=4.653e-05
GPU Iteration: 1552  dt=3e-08  t=4.656e-05
GPU Iteration: 1553  dt=3e-08  t=4.659e-05
GPU Iteration: 1554  dt=3e-08  t=4.662e-05
GPU Iteration: 1555  dt=3e-08  t=4.665e-05
GPU Iteration: 1556  dt=3e-08  t=4.668e-05
GPU Iteration: 1557  dt=3e-08  t=4.671e-05
GPU Iteration: 1558  dt=3e-08  t=4.674e-05
GPU Iteration: 1559  dt=3e-08  t=4.677e-05
GPU Iteration: 1560  dt=3e-08  t=4.68e-05
GPU Iteration: 1561  dt=3e-08  t=4.683e-05
GPU Iteration: 1562  dt=3e-08  t=4.686e-05
GPU Iteration: 1563  dt=3e-08  t=4.689e-05
GPU Iteration: 1564  dt=3e-08  t=4.692e-05
GPU Iteration: 1565  dt=3e-08  t=4.695e-05
GPU Iteration: 1566  dt=3e-08  t=4.698e-05
GPU Iteration: 1567  dt=3e-08  t=4.701e-05
GPU Iteration: 1568  dt=3e-08  t=4.704e-05
GPU Iteration: 1569  dt=3e-08  t=4.707e-05
GPU Iteration: 1570  dt=3e-08  t=4.71e-05
GPU Iteration: 1571  dt=3e-08  t=4.713e-05
GPU Iteration: 1572  dt=3e-08  t=4.716e-05
GPU Iteration: 1573  dt=3e-08  t=4.719e-05
GPU Iteration: 1574  dt=3e-08  t=4.722e-05
GPU Iteration: 1575  dt=3e-08  t=4.725e-05
GPU Iteration: 1576  dt=3e-08  t=4.728e-05
GPU Iteration: 1577  dt=3e-08  t=4.731e-05
GPU Iteration: 1578  dt=3e-08  t=4.734e-05
GPU Iteration: 1579  dt=3e-08  t=4.737e-05
GPU Iteration: 1580  dt=3e-08  t=4.74e-05
GPU Iteration: 1581  dt=3e-08  t=4.743e-05
GPU Iteration: 1582  dt=3e-08  t=4.746e-05
GPU Iteration: 1583  dt=3e-08  t=4.749e-05
GPU Iteration: 1584  dt=3e-08  t=4.752e-05
GPU Iteration: 1585  dt=3e-08  t=4.755e-05
GPU Iteration: 1586  dt=3e-08  t=4.758e-05
GPU Iteration: 1587  dt=3e-08  t=4.761e-05
GPU Iteration: 1588  dt=3e-08  t=4.764e-05
GPU Iteration: 1589  dt=3e-08  t=4.767e-05
GPU Iteration: 1590  dt=3e-08  t=4.77e-05
GPU Iteration: 1591  dt=3e-08  t=4.773e-05
GPU Iteration: 1592  dt=3e-08  t=4.776e-05
GPU Iteration: 1593  dt=3e-08  t=4.779e-05
GPU Iteration: 1594  dt=3e-08  t=4.782e-05
GPU Iteration: 1595  dt=3e-08  t=4.785e-05
GPU Iteration: 1596  dt=3e-08  t=4.788e-05
GPU Iteration: 1597  dt=3e-08  t=4.791e-05
GPU Iteration: 1598  dt=3e-08  t=4.794e-05
GPU Iteration: 1599  dt=3e-08  t=4.797e-05
GPU Iteration: 1600  dt=3e-08  t=4.8e-05
GPU Iteration: 1601  dt=3e-08  t=4.803e-05
GPU Iteration: 1602  dt=3e-08  t=4.806e-05
GPU Iteration: 1603  dt=3e-08  t=4.809e-05
GPU Iteration: 1604  dt=3e-08  t=4.812e-05
GPU Iteration: 1605  dt=3e-08  t=4.815e-05
GPU Iteration: 1606  dt=3e-08  t=4.818e-05
GPU Iteration: 1607  dt=3e-08  t=4.821e-05
GPU Iteration: 1608  dt=3e-08  t=4.824e-05
GPU Iteration: 1609  dt=3e-08  t=4.827e-05
GPU Iteration: 1610  dt=3e-08  t=4.83e-05
GPU Iteration: 1611  dt=3e-08  t=4.833e-05
GPU Iteration: 1612  dt=3e-08  t=4.836e-05
GPU Iteration: 1613  dt=3e-08  t=4.839e-05
GPU Iteration: 1614  dt=3e-08  t=4.842e-05
GPU Iteration: 1615  dt=3e-08  t=4.845e-05
GPU Iteration: 1616  dt=3e-08  t=4.848e-05
GPU Iteration: 1617  dt=3e-08  t=4.851e-05
GPU Iteration: 1618  dt=3e-08  t=4.854e-05
GPU Iteration: 1619  dt=3e-08  t=4.857e-05
GPU Iteration: 1620  dt=3e-08  t=4.86e-05
GPU Iteration: 1621  dt=3e-08  t=4.863e-05
GPU Iteration: 1622  dt=3e-08  t=4.866e-05
GPU Iteration: 1623  dt=3e-08  t=4.869e-05
GPU Iteration: 1624  dt=3e-08  t=4.872e-05
GPU Iteration: 1625  dt=3e-08  t=4.875e-05
GPU Iteration: 1626  dt=3e-08  t=4.878e-05
GPU Iteration: 1627  dt=3e-08  t=4.881e-05
GPU Iteration: 1628  dt=3e-08  t=4.884e-05
GPU Iteration: 1629  dt=3e-08  t=4.887e-05
GPU Iteration: 1630  dt=3e-08  t=4.89e-05
GPU Iteration: 1631  dt=3e-08  t=4.893e-05
GPU Iteration: 1632  dt=3e-08  t=4.896e-05
GPU Iteration: 1633  dt=3e-08  t=4.899e-05
GPU Iteration: 1634  dt=3e-08  t=4.902e-05
GPU Iteration: 1635  dt=3e-08  t=4.905e-05
GPU Iteration: 1636  dt=3e-08  t=4.908e-05
GPU Iteration: 1637  dt=3e-08  t=4.911e-05
GPU Iteration: 1638  dt=3e-08  t=4.914e-05
GPU Iteration: 1639  dt=3e-08  t=4.917e-05
GPU Iteration: 1640  dt=3e-08  t=4.92e-05
GPU Iteration: 1641  dt=3e-08  t=4.923e-05
GPU Iteration: 1642  dt=3e-08  t=4.926e-05
GPU Iteration: 1643  dt=3e-08  t=4.929e-05
GPU Iteration: 1644  dt=3e-08  t=4.932e-05
GPU Iteration: 1645  dt=3e-08  t=4.935e-05
GPU Iteration: 1646  dt=3e-08  t=4.938e-05
GPU Iteration: 1647  dt=3e-08  t=4.941e-05
GPU Iteration: 1648  dt=3e-08  t=4.944e-05
GPU Iteration: 1649  dt=3e-08  t=4.947e-05
GPU Iteration: 1650  dt=3e-08  t=4.95e-05
GPU Iteration: 1651  dt=3e-08  t=4.953e-05
GPU Iteration: 1652  dt=3e-08  t=4.956e-05
GPU Iteration: 1653  dt=3e-08  t=4.959e-05
GPU Iteration: 1654  dt=3e-08  t=4.962e-05
GPU Iteration: 1655  dt=3e-08  t=4.965e-05
GPU Iteration: 1656  dt=3e-08  t=4.968e-05
GPU Iteration: 1657  dt=3e-08  t=4.971e-05
GPU Iteration: 1658  dt=3e-08  t=4.974e-05
GPU Iteration: 1659  dt=3e-08  t=4.977e-05
GPU Iteration: 1660  dt=3e-08  t=4.98e-05
GPU Iteration: 1661  dt=3e-08  t=4.983e-05
GPU Iteration: 1662  dt=3e-08  t=4.986e-05
GPU Iteration: 1663  dt=3e-08  t=4.989e-05
GPU Iteration: 1664  dt=3e-08  t=4.992e-05
GPU Iteration: 1665  dt=3e-08  t=4.995e-05
GPU Iteration: 1666  dt=3e-08  t=4.998e-05
GPU Iteration: 1667  dt=3e-08  t=5.001e-05
GPU Iteration: 1668  dt=3e-08  t=5.004e-05
GPU Iteration: 1669  dt=3e-08  t=5.007e-05
GPU Iteration: 1670  dt=3e-08  t=5.01e-05
GPU Iteration: 1671  dt=3e-08  t=5.013e-05
GPU Iteration: 1672  dt=3e-08  t=5.016e-05
GPU Iteration: 1673  dt=3e-08  t=5.019e-05
GPU Iteration: 1674  dt=3e-08  t=5.022e-05
GPU Iteration: 1675  dt=3e-08  t=5.025e-05
GPU Iteration: 1676  dt=3e-08  t=5.028e-05
GPU Iteration: 1677  dt=3e-08  t=5.031e-05
GPU Iteration: 1678  dt=3e-08  t=5.034e-05
GPU Iteration: 1679  dt=3e-08  t=5.037e-05
GPU Iteration: 1680  dt=3e-08  t=5.04e-05
GPU Iteration: 1681  dt=3e-08  t=5.043e-05
GPU Iteration: 1682  dt=3e-08  t=5.046e-05
GPU Iteration: 1683  dt=3e-08  t=5.049e-05
GPU Iteration: 1684  dt=3e-08  t=5.052e-05
GPU Iteration: 1685  dt=3e-08  t=5.055e-05
GPU Iteration: 1686  dt=3e-08  t=5.058e-05
GPU Iteration: 1687  dt=3e-08  t=5.061e-05
GPU Iteration: 1688  dt=3e-08  t=5.064e-05
GPU Iteration: 1689  dt=3e-08  t=5.067e-05
GPU Iteration: 1690  dt=3e-08  t=5.07e-05
GPU Iteration: 1691  dt=3e-08  t=5.073e-05
GPU Iteration: 1692  dt=3e-08  t=5.076e-05
GPU Iteration: 1693  dt=3e-08  t=5.079e-05
GPU Iteration: 1694  dt=3e-08  t=5.082e-05
GPU Iteration: 1695  dt=3e-08  t=5.085e-05
GPU Iteration: 1696  dt=3e-08  t=5.088e-05
GPU Iteration: 1697  dt=3e-08  t=5.091e-05
GPU Iteration: 1698  dt=3e-08  t=5.094e-05
GPU Iteration: 1699  dt=3e-08  t=5.097e-05
GPU Iteration: 1700  dt=3e-08  t=5.1e-05
GPU Iteration: 1701  dt=3e-08  t=5.103e-05
GPU Iteration: 1702  dt=3e-08  t=5.106e-05
GPU Iteration: 1703  dt=3e-08  t=5.109e-05
GPU Iteration: 1704  dt=3e-08  t=5.112e-05
GPU Iteration: 1705  dt=3e-08  t=5.115e-05
GPU Iteration: 1706  dt=3e-08  t=5.118e-05
GPU Iteration: 1707  dt=3e-08  t=5.121e-05
GPU Iteration: 1708  dt=3e-08  t=5.124e-05
GPU Iteration: 1709  dt=3e-08  t=5.127e-05
GPU Iteration: 1710  dt=3e-08  t=5.13e-05
GPU Iteration: 1711  dt=3e-08  t=5.133e-05
GPU Iteration: 1712  dt=3e-08  t=5.136e-05
GPU Iteration: 1713  dt=3e-08  t=5.139e-05
GPU Iteration: 1714  dt=3e-08  t=5.142e-05
GPU Iteration: 1715  dt=3e-08  t=5.145e-05
GPU Iteration: 1716  dt=3e-08  t=5.148e-05
GPU Iteration: 1717  dt=3e-08  t=5.151e-05
GPU Iteration: 1718  dt=3e-08  t=5.154e-05
GPU Iteration: 1719  dt=3e-08  t=5.157e-05
GPU Iteration: 1720  dt=3e-08  t=5.16e-05
GPU Iteration: 1721  dt=3e-08  t=5.163e-05
GPU Iteration: 1722  dt=3e-08  t=5.166e-05
GPU Iteration: 1723  dt=3e-08  t=5.169e-05
GPU Iteration: 1724  dt=3e-08  t=5.172e-05
GPU Iteration: 1725  dt=3e-08  t=5.175e-05
GPU Iteration: 1726  dt=3e-08  t=5.178e-05
GPU Iteration: 1727  dt=3e-08  t=5.181e-05
GPU Iteration: 1728  dt=3e-08  t=5.184e-05
GPU Iteration: 1729  dt=3e-08  t=5.187e-05
GPU Iteration: 1730  dt=3e-08  t=5.19e-05
GPU Iteration: 1731  dt=3e-08  t=5.193e-05
GPU Iteration: 1732  dt=3e-08  t=5.196e-05
GPU Iteration: 1733  dt=3e-08  t=5.199e-05
GPU Iteration: 1734  dt=3e-08  t=5.202e-05
GPU Iteration: 1735  dt=3e-08  t=5.205e-05
GPU Iteration: 1736  dt=3e-08  t=5.208e-05
GPU Iteration: 1737  dt=3e-08  t=5.211e-05
GPU Iteration: 1738  dt=3e-08  t=5.214e-05
GPU Iteration: 1739  dt=3e-08  t=5.217e-05
GPU Iteration: 1740  dt=3e-08  t=5.22e-05
GPU Iteration: 1741  dt=3e-08  t=5.223e-05
GPU Iteration: 1742  dt=3e-08  t=5.226e-05
GPU Iteration: 1743  dt=3e-08  t=5.229e-05
GPU Iteration: 1744  dt=3e-08  t=5.232e-05
GPU Iteration: 1745  dt=3e-08  t=5.235e-05
GPU Iteration: 1746  dt=3e-08  t=5.238e-05
GPU Iteration: 1747  dt=3e-08  t=5.241e-05
GPU Iteration: 1748  dt=3e-08  t=5.244e-05
GPU Iteration: 1749  dt=3e-08  t=5.247e-05
GPU Iteration: 1750  dt=3e-08  t=5.25e-05
GPU Iteration: 1751  dt=3e-08  t=5.253e-05
GPU Iteration: 1752  dt=3e-08  t=5.256e-05
GPU Iteration: 1753  dt=3e-08  t=5.259e-05
GPU Iteration: 1754  dt=3e-08  t=5.262e-05
GPU Iteration: 1755  dt=3e-08  t=5.265e-05
GPU Iteration: 1756  dt=3e-08  t=5.268e-05
GPU Iteration: 1757  dt=3e-08  t=5.271e-05
GPU Iteration: 1758  dt=3e-08  t=5.274e-05
GPU Iteration: 1759  dt=3e-08  t=5.277e-05
GPU Iteration: 1760  dt=3e-08  t=5.28e-05
GPU Iteration: 1761  dt=3e-08  t=5.283e-05
GPU Iteration: 1762  dt=3e-08  t=5.286e-05
GPU Iteration: 1763  dt=3e-08  t=5.289e-05
GPU Iteration: 1764  dt=3e-08  t=5.292e-05
GPU Iteration: 1765  dt=3e-08  t=5.295e-05
GPU Iteration: 1766  dt=3e-08  t=5.298e-05
GPU Iteration: 1767  dt=3e-08  t=5.301e-05
GPU Iteration: 1768  dt=3e-08  t=5.304e-05
GPU Iteration: 1769  dt=3e-08  t=5.307e-05
GPU Iteration: 1770  dt=3e-08  t=5.31e-05
GPU Iteration: 1771  dt=3e-08  t=5.313e-05
GPU Iteration: 1772  dt=3e-08  t=5.316e-05
GPU Iteration: 1773  dt=3e-08  t=5.319e-05
GPU Iteration: 1774  dt=3e-08  t=5.322e-05
GPU Iteration: 1775  dt=3e-08  t=5.325e-05
GPU Iteration: 1776  dt=3e-08  t=5.328e-05
GPU Iteration: 1777  dt=3e-08  t=5.331e-05
GPU Iteration: 1778  dt=3e-08  t=5.334e-05
GPU Iteration: 1779  dt=3e-08  t=5.337e-05
GPU Iteration: 1780  dt=3e-08  t=5.34e-05
GPU Iteration: 1781  dt=3e-08  t=5.343e-05
GPU Iteration: 1782  dt=3e-08  t=5.346e-05
GPU Iteration: 1783  dt=3e-08  t=5.349e-05
GPU Iteration: 1784  dt=3e-08  t=5.352e-05
GPU Iteration: 1785  dt=3e-08  t=5.355e-05
GPU Iteration: 1786  dt=3e-08  t=5.358e-05
GPU Iteration: 1787  dt=3e-08  t=5.361e-05
GPU Iteration: 1788  dt=3e-08  t=5.364e-05
GPU Iteration: 1789  dt=3e-08  t=5.367e-05
GPU Iteration: 1790  dt=3e-08  t=5.37e-05
GPU Iteration: 1791  dt=3e-08  t=5.373e-05
GPU Iteration: 1792  dt=3e-08  t=5.376e-05
GPU Iteration: 1793  dt=3e-08  t=5.379e-05
GPU Iteration: 1794  dt=3e-08  t=5.382e-05
GPU Iteration: 1795  dt=3e-08  t=5.385e-05
GPU Iteration: 1796  dt=3e-08  t=5.388e-05
GPU Iteration: 1797  dt=3e-08  t=5.391e-05
GPU Iteration: 1798  dt=3e-08  t=5.394e-05
GPU Iteration: 1799  dt=3e-08  t=5.397e-05
GPU Iteration: 1800  dt=3e-08  t=5.4e-05
GPU Iteration: 1801  dt=3e-08  t=5.403e-05
GPU Iteration: 1802  dt=3e-08  t=5.406e-05
GPU Iteration: 1803  dt=3e-08  t=5.409e-05
GPU Iteration: 1804  dt=3e-08  t=5.412e-05
GPU Iteration: 1805  dt=3e-08  t=5.415e-05
GPU Iteration: 1806  dt=3e-08  t=5.418e-05
GPU Iteration: 1807  dt=3e-08  t=5.421e-05
GPU Iteration: 1808  dt=3e-08  t=5.424e-05
GPU Iteration: 1809  dt=3e-08  t=5.427e-05
GPU Iteration: 1810  dt=3e-08  t=5.43e-05
GPU Iteration: 1811  dt=3e-08  t=5.433e-05
GPU Iteration: 1812  dt=3e-08  t=5.436e-05
GPU Iteration: 1813  dt=3e-08  t=5.439e-05
GPU Iteration: 1814  dt=3e-08  t=5.442e-05
GPU Iteration: 1815  dt=3e-08  t=5.445e-05
GPU Iteration: 1816  dt=3e-08  t=5.448e-05
GPU Iteration: 1817  dt=3e-08  t=5.451e-05
GPU Iteration: 1818  dt=3e-08  t=5.454e-05
GPU Iteration: 1819  dt=3e-08  t=5.457e-05
GPU Iteration: 1820  dt=3e-08  t=5.46e-05
GPU Iteration: 1821  dt=3e-08  t=5.463e-05
GPU Iteration: 1822  dt=3e-08  t=5.466e-05
GPU Iteration: 1823  dt=3e-08  t=5.469e-05
GPU Iteration: 1824  dt=3e-08  t=5.472e-05
GPU Iteration: 1825  dt=3e-08  t=5.475e-05
GPU Iteration: 1826  dt=3e-08  t=5.478e-05
GPU Iteration: 1827  dt=3e-08  t=5.481e-05
GPU Iteration: 1828  dt=3e-08  t=5.484e-05
GPU Iteration: 1829  dt=3e-08  t=5.487e-05
GPU Iteration: 1830  dt=3e-08  t=5.49e-05
GPU Iteration: 1831  dt=3e-08  t=5.493e-05
GPU Iteration: 1832  dt=3e-08  t=5.496e-05
GPU Iteration: 1833  dt=3e-08  t=5.499e-05
GPU Iteration: 1834  dt=3e-08  t=5.502e-05
GPU Iteration: 1835  dt=3e-08  t=5.505e-05
GPU Iteration: 1836  dt=3e-08  t=5.508e-05
GPU Iteration: 1837  dt=3e-08  t=5.511e-05
GPU Iteration: 1838  dt=3e-08  t=5.514e-05
GPU Iteration: 1839  dt=3e-08  t=5.517e-05
GPU Iteration: 1840  dt=3e-08  t=5.52e-05
GPU Iteration: 1841  dt=3e-08  t=5.523e-05
GPU Iteration: 1842  dt=3e-08  t=5.526e-05
GPU Iteration: 1843  dt=3e-08  t=5.529e-05
GPU Iteration: 1844  dt=3e-08  t=5.532e-05
GPU Iteration: 1845  dt=3e-08  t=5.535e-05
GPU Iteration: 1846  dt=3e-08  t=5.538e-05
GPU Iteration: 1847  dt=3e-08  t=5.541e-05
GPU Iteration: 1848  dt=3e-08  t=5.544e-05
GPU Iteration: 1849  dt=3e-08  t=5.547e-05
GPU Iteration: 1850  dt=3e-08  t=5.55e-05
GPU Iteration: 1851  dt=3e-08  t=5.553e-05
GPU Iteration: 1852  dt=3e-08  t=5.556e-05
GPU Iteration: 1853  dt=3e-08  t=5.559e-05
GPU Iteration: 1854  dt=3e-08  t=5.562e-05
GPU Iteration: 1855  dt=3e-08  t=5.565e-05
GPU Iteration: 1856  dt=3e-08  t=5.568e-05
GPU Iteration: 1857  dt=3e-08  t=5.571e-05
GPU Iteration: 1858  dt=3e-08  t=5.574e-05
GPU Iteration: 1859  dt=3e-08  t=5.577e-05
GPU Iteration: 1860  dt=3e-08  t=5.58e-05
GPU Iteration: 1861  dt=3e-08  t=5.583e-05
GPU Iteration: 1862  dt=3e-08  t=5.586e-05
GPU Iteration: 1863  dt=3e-08  t=5.589e-05
GPU Iteration: 1864  dt=3e-08  t=5.592e-05
GPU Iteration: 1865  dt=3e-08  t=5.595e-05
GPU Iteration: 1866  dt=3e-08  t=5.598e-05
GPU Iteration: 1867  dt=3e-08  t=5.601e-05
GPU Iteration: 1868  dt=3e-08  t=5.604e-05
GPU Iteration: 1869  dt=3e-08  t=5.607e-05
GPU Iteration: 1870  dt=3e-08  t=5.61e-05
GPU Iteration: 1871  dt=3e-08  t=5.613e-05
GPU Iteration: 1872  dt=3e-08  t=5.616e-05
GPU Iteration: 1873  dt=3e-08  t=5.619e-05
GPU Iteration: 1874  dt=3e-08  t=5.622e-05
GPU Iteration: 1875  dt=3e-08  t=5.625e-05
GPU Iteration: 1876  dt=3e-08  t=5.628e-05
GPU Iteration: 1877  dt=3e-08  t=5.631e-05
GPU Iteration: 1878  dt=3e-08  t=5.634e-05
GPU Iteration: 1879  dt=3e-08  t=5.637e-05
GPU Iteration: 1880  dt=3e-08  t=5.64e-05
GPU Iteration: 1881  dt=3e-08  t=5.643e-05
GPU Iteration: 1882  dt=3e-08  t=5.646e-05
GPU Iteration: 1883  dt=3e-08  t=5.649e-05
GPU Iteration: 1884  dt=3e-08  t=5.652e-05
GPU Iteration: 1885  dt=3e-08  t=5.655e-05
GPU Iteration: 1886  dt=3e-08  t=5.658e-05
GPU Iteration: 1887  dt=3e-08  t=5.661e-05
GPU Iteration: 1888  dt=3e-08  t=5.664e-05
GPU Iteration: 1889  dt=3e-08  t=5.667e-05
GPU Iteration: 1890  dt=3e-08  t=5.67e-05
GPU Iteration: 1891  dt=3e-08  t=5.673e-05
GPU Iteration: 1892  dt=3e-08  t=5.676e-05
GPU Iteration: 1893  dt=3e-08  t=5.679e-05
GPU Iteration: 1894  dt=3e-08  t=5.682e-05
GPU Iteration: 1895  dt=3e-08  t=5.685e-05
GPU Iteration: 1896  dt=3e-08  t=5.688e-05
GPU Iteration: 1897  dt=3e-08  t=5.691e-05
GPU Iteration: 1898  dt=3e-08  t=5.694e-05
GPU Iteration: 1899  dt=3e-08  t=5.697e-05
GPU Iteration: 1900  dt=3e-08  t=5.7e-05
GPU Iteration: 1901  dt=3e-08  t=5.703e-05
GPU Iteration: 1902  dt=3e-08  t=5.706e-05
GPU Iteration: 1903  dt=3e-08  t=5.709e-05
GPU Iteration: 1904  dt=3e-08  t=5.712e-05
GPU Iteration: 1905  dt=3e-08  t=5.715e-05
GPU Iteration: 1906  dt=3e-08  t=5.718e-05
GPU Iteration: 1907  dt=3e-08  t=5.721e-05
GPU Iteration: 1908  dt=3e-08  t=5.724e-05
GPU Iteration: 1909  dt=3e-08  t=5.727e-05
GPU Iteration: 1910  dt=3e-08  t=5.73e-05
GPU Iteration: 1911  dt=3e-08  t=5.733e-05
GPU Iteration: 1912  dt=3e-08  t=5.736e-05
GPU Iteration: 1913  dt=3e-08  t=5.739e-05
GPU Iteration: 1914  dt=3e-08  t=5.742e-05
GPU Iteration: 1915  dt=3e-08  t=5.745e-05
GPU Iteration: 1916  dt=3e-08  t=5.748e-05
GPU Iteration: 1917  dt=3e-08  t=5.751e-05
GPU Iteration: 1918  dt=3e-08  t=5.754e-05
GPU Iteration: 1919  dt=3e-08  t=5.757e-05
GPU Iteration: 1920  dt=3e-08  t=5.76e-05
GPU Iteration: 1921  dt=3e-08  t=5.763e-05
GPU Iteration: 1922  dt=3e-08  t=5.766e-05
GPU Iteration: 1923  dt=3e-08  t=5.769e-05
GPU Iteration: 1924  dt=3e-08  t=5.772e-05
GPU Iteration: 1925  dt=3e-08  t=5.775e-05
GPU Iteration: 1926  dt=3e-08  t=5.778e-05
GPU Iteration: 1927  dt=3e-08  t=5.781e-05
GPU Iteration: 1928  dt=3e-08  t=5.784e-05
GPU Iteration: 1929  dt=3e-08  t=5.787e-05
GPU Iteration: 1930  dt=3e-08  t=5.79e-05
GPU Iteration: 1931  dt=3e-08  t=5.793e-05
GPU Iteration: 1932  dt=3e-08  t=5.796e-05
GPU Iteration: 1933  dt=3e-08  t=5.799e-05
GPU Iteration: 1934  dt=3e-08  t=5.802e-05
GPU Iteration: 1935  dt=3e-08  t=5.805e-05
GPU Iteration: 1936  dt=3e-08  t=5.808e-05
GPU Iteration: 1937  dt=3e-08  t=5.811e-05
GPU Iteration: 1938  dt=3e-08  t=5.814e-05
GPU Iteration: 1939  dt=3e-08  t=5.817e-05
GPU Iteration: 1940  dt=3e-08  t=5.82e-05
GPU Iteration: 1941  dt=3e-08  t=5.823e-05
GPU Iteration: 1942  dt=3e-08  t=5.826e-05
GPU Iteration: 1943  dt=3e-08  t=5.829e-05
GPU Iteration: 1944  dt=3e-08  t=5.832e-05
GPU Iteration: 1945  dt=3e-08  t=5.835e-05
GPU Iteration: 1946  dt=3e-08  t=5.838e-05
GPU Iteration: 1947  dt=3e-08  t=5.841e-05
GPU Iteration: 1948  dt=3e-08  t=5.844e-05
GPU Iteration: 1949  dt=3e-08  t=5.847e-05
GPU Iteration: 1950  dt=3e-08  t=5.85e-05
GPU Iteration: 1951  dt=3e-08  t=5.853e-05
GPU Iteration: 1952  dt=3e-08  t=5.856e-05
GPU Iteration: 1953  dt=3e-08  t=5.859e-05
GPU Iteration: 1954  dt=3e-08  t=5.862e-05
GPU Iteration: 1955  dt=3e-08  t=5.865e-05
GPU Iteration: 1956  dt=3e-08  t=5.868e-05
GPU Iteration: 1957  dt=3e-08  t=5.871e-05
GPU Iteration: 1958  dt=3e-08  t=5.874e-05
GPU Iteration: 1959  dt=3e-08  t=5.877e-05
GPU Iteration: 1960  dt=3e-08  t=5.88e-05
GPU Iteration: 1961  dt=3e-08  t=5.883e-05
GPU Iteration: 1962  dt=3e-08  t=5.886e-05
GPU Iteration: 1963  dt=3e-08  t=5.889e-05
GPU Iteration: 1964  dt=3e-08  t=5.892e-05
GPU Iteration: 1965  dt=3e-08  t=5.895e-05
GPU Iteration: 1966  dt=3e-08  t=5.898e-05
GPU Iteration: 1967  dt=3e-08  t=5.901e-05
GPU Iteration: 1968  dt=3e-08  t=5.904e-05
GPU Iteration: 1969  dt=3e-08  t=5.907e-05
GPU Iteration: 1970  dt=3e-08  t=5.91e-05
GPU Iteration: 1971  dt=3e-08  t=5.913e-05
GPU Iteration: 1972  dt=3e-08  t=5.916e-05
GPU Iteration: 1973  dt=3e-08  t=5.919e-05
GPU Iteration: 1974  dt=3e-08  t=5.922e-05
GPU Iteration: 1975  dt=3e-08  t=5.925e-05
GPU Iteration: 1976  dt=3e-08  t=5.928e-05
GPU Iteration: 1977  dt=3e-08  t=5.931e-05
GPU Iteration: 1978  dt=3e-08  t=5.934e-05
GPU Iteration: 1979  dt=3e-08  t=5.937e-05
GPU Iteration: 1980  dt=3e-08  t=5.94e-05
GPU Iteration: 1981  dt=3e-08  t=5.943e-05
GPU Iteration: 1982  dt=3e-08  t=5.946e-05
GPU Iteration: 1983  dt=3e-08  t=5.949e-05
GPU Iteration: 1984  dt=3e-08  t=5.952e-05
GPU Iteration: 1985  dt=3e-08  t=5.955e-05
GPU Iteration: 1986  dt=3e-08  t=5.958e-05
GPU Iteration: 1987  dt=3e-08  t=5.961e-05
GPU Iteration: 1988  dt=3e-08  t=5.964e-05
GPU Iteration: 1989  dt=3e-08  t=5.967e-05
GPU Iteration: 1990  dt=3e-08  t=5.97e-05
GPU Iteration: 1991  dt=3e-08  t=5.973e-05
GPU Iteration: 1992  dt=3e-08  t=5.976e-05
GPU Iteration: 1993  dt=3e-08  t=5.979e-05
GPU Iteration: 1994  dt=3e-08  t=5.982e-05
GPU Iteration: 1995  dt=3e-08  t=5.985e-05
GPU Iteration: 1996  dt=3e-08  t=5.988e-05
GPU Iteration: 1997  dt=3e-08  t=5.991e-05
GPU Iteration: 1998  dt=3e-08  t=5.994e-05
GPU Iteration: 1999  dt=3e-08  t=5.997e-05
GPU Iteration: 2000  dt=3e-08  t=6e-05
GPU Iteration: 2001  dt=3e-08  t=6.003e-05
GPU Iteration: 2002  dt=3e-08  t=6.006e-05
GPU Iteration: 2003  dt=3e-08  t=6.009e-05
GPU Iteration: 2004  dt=3e-08  t=6.012e-05
GPU Iteration: 2005  dt=3e-08  t=6.015e-05
GPU Iteration: 2006  dt=3e-08  t=6.018e-05
GPU Iteration: 2007  dt=3e-08  t=6.021e-05
GPU Iteration: 2008  dt=3e-08  t=6.024e-05
GPU Iteration: 2009  dt=3e-08  t=6.027e-05
GPU Iteration: 2010  dt=3e-08  t=6.03e-05
GPU Iteration: 2011  dt=3e-08  t=6.033e-05
GPU Iteration: 2012  dt=3e-08  t=6.036e-05
GPU Iteration: 2013  dt=3e-08  t=6.039e-05
GPU Iteration: 2014  dt=3e-08  t=6.042e-05
GPU Iteration: 2015  dt=3e-08  t=6.045e-05
GPU Iteration: 2016  dt=3e-08  t=6.048e-05
GPU Iteration: 2017  dt=3e-08  t=6.051e-05
GPU Iteration: 2018  dt=3e-08  t=6.054e-05
GPU Iteration: 2019  dt=3e-08  t=6.057e-05
GPU Iteration: 2020  dt=3e-08  t=6.06e-05
GPU Iteration: 2021  dt=3e-08  t=6.063e-05
GPU Iteration: 2022  dt=3e-08  t=6.066e-05
GPU Iteration: 2023  dt=3e-08  t=6.069e-05
GPU Iteration: 2024  dt=3e-08  t=6.072e-05
GPU Iteration: 2025  dt=3e-08  t=6.075e-05
GPU Iteration: 2026  dt=3e-08  t=6.078e-05
GPU Iteration: 2027  dt=3e-08  t=6.081e-05
GPU Iteration: 2028  dt=3e-08  t=6.084e-05
GPU Iteration: 2029  dt=3e-08  t=6.087e-05
GPU Iteration: 2030  dt=3e-08  t=6.09e-05
GPU Iteration: 2031  dt=3e-08  t=6.093e-05
GPU Iteration: 2032  dt=3e-08  t=6.096e-05
GPU Iteration: 2033  dt=3e-08  t=6.099e-05
GPU Iteration: 2034  dt=3e-08  t=6.102e-05
GPU Iteration: 2035  dt=3e-08  t=6.105e-05
GPU Iteration: 2036  dt=3e-08  t=6.108e-05
GPU Iteration: 2037  dt=3e-08  t=6.111e-05
GPU Iteration: 2038  dt=3e-08  t=6.114e-05
GPU Iteration: 2039  dt=3e-08  t=6.117e-05
GPU Iteration: 2040  dt=3e-08  t=6.12e-05
GPU Iteration: 2041  dt=3e-08  t=6.123e-05
GPU Iteration: 2042  dt=3e-08  t=6.126e-05
GPU Iteration: 2043  dt=3e-08  t=6.129e-05
GPU Iteration: 2044  dt=3e-08  t=6.132e-05
GPU Iteration: 2045  dt=3e-08  t=6.135e-05
GPU Iteration: 2046  dt=3e-08  t=6.138e-05
GPU Iteration: 2047  dt=3e-08  t=6.141e-05
GPU Iteration: 2048  dt=3e-08  t=6.144e-05
GPU Iteration: 2049  dt=3e-08  t=6.147e-05
GPU Iteration: 2050  dt=3e-08  t=6.15e-05
GPU Iteration: 2051  dt=3e-08  t=6.153e-05
GPU Iteration: 2052  dt=3e-08  t=6.156e-05
GPU Iteration: 2053  dt=3e-08  t=6.159e-05
GPU Iteration: 2054  dt=3e-08  t=6.162e-05
GPU Iteration: 2055  dt=3e-08  t=6.165e-05
GPU Iteration: 2056  dt=3e-08  t=6.168e-05
GPU Iteration: 2057  dt=3e-08  t=6.171e-05
GPU Iteration: 2058  dt=3e-08  t=6.174e-05
GPU Iteration: 2059  dt=3e-08  t=6.177e-05
GPU Iteration: 2060  dt=3e-08  t=6.18e-05
GPU Iteration: 2061  dt=3e-08  t=6.183e-05
GPU Iteration: 2062  dt=3e-08  t=6.186e-05
GPU Iteration: 2063  dt=3e-08  t=6.189e-05
GPU Iteration: 2064  dt=3e-08  t=6.192e-05
GPU Iteration: 2065  dt=3e-08  t=6.195e-05
GPU Iteration: 2066  dt=3e-08  t=6.198e-05
GPU Iteration: 2067  dt=3e-08  t=6.201e-05
GPU Iteration: 2068  dt=3e-08  t=6.204e-05
GPU Iteration: 2069  dt=3e-08  t=6.207e-05
GPU Iteration: 2070  dt=3e-08  t=6.21e-05
GPU Iteration: 2071  dt=3e-08  t=6.213e-05
GPU Iteration: 2072  dt=3e-08  t=6.216e-05
GPU Iteration: 2073  dt=3e-08  t=6.219e-05
GPU Iteration: 2074  dt=3e-08  t=6.222e-05
GPU Iteration: 2075  dt=3e-08  t=6.225e-05
GPU Iteration: 2076  dt=3e-08  t=6.228e-05
GPU Iteration: 2077  dt=3e-08  t=6.231e-05
GPU Iteration: 2078  dt=3e-08  t=6.234e-05
GPU Iteration: 2079  dt=3e-08  t=6.237e-05
GPU Iteration: 2080  dt=3e-08  t=6.24e-05
GPU Iteration: 2081  dt=3e-08  t=6.243e-05
GPU Iteration: 2082  dt=3e-08  t=6.246e-05
GPU Iteration: 2083  dt=3e-08  t=6.249e-05
GPU Iteration: 2084  dt=3e-08  t=6.252e-05
GPU Iteration: 2085  dt=3e-08  t=6.255e-05
GPU Iteration: 2086  dt=3e-08  t=6.258e-05
GPU Iteration: 2087  dt=3e-08  t=6.261e-05
GPU Iteration: 2088  dt=3e-08  t=6.264e-05
GPU Iteration: 2089  dt=3e-08  t=6.267e-05
GPU Iteration: 2090  dt=3e-08  t=6.27e-05
GPU Iteration: 2091  dt=3e-08  t=6.273e-05
GPU Iteration: 2092  dt=3e-08  t=6.276e-05
GPU Iteration: 2093  dt=3e-08  t=6.279e-05
GPU Iteration: 2094  dt=3e-08  t=6.282e-05
GPU Iteration: 2095  dt=3e-08  t=6.285e-05
GPU Iteration: 2096  dt=3e-08  t=6.288e-05
GPU Iteration: 2097  dt=3e-08  t=6.291e-05
GPU Iteration: 2098  dt=3e-08  t=6.294e-05
GPU Iteration: 2099  dt=3e-08  t=6.297e-05
GPU Iteration: 2100  dt=3e-08  t=6.3e-05
GPU Iteration: 2101  dt=3e-08  t=6.303e-05
GPU Iteration: 2102  dt=3e-08  t=6.306e-05
GPU Iteration: 2103  dt=3e-08  t=6.309e-05
GPU Iteration: 2104  dt=3e-08  t=6.312e-05
GPU Iteration: 2105  dt=3e-08  t=6.315e-05
GPU Iteration: 2106  dt=3e-08  t=6.318e-05
GPU Iteration: 2107  dt=3e-08  t=6.321e-05
GPU Iteration: 2108  dt=3e-08  t=6.324e-05
GPU Iteration: 2109  dt=3e-08  t=6.327e-05
GPU Iteration: 2110  dt=3e-08  t=6.33e-05
GPU Iteration: 2111  dt=3e-08  t=6.333e-05
GPU Iteration: 2112  dt=3e-08  t=6.336e-05
GPU Iteration: 2113  dt=3e-08  t=6.339e-05
GPU Iteration: 2114  dt=3e-08  t=6.342e-05
GPU Iteration: 2115  dt=3e-08  t=6.345e-05
GPU Iteration: 2116  dt=3e-08  t=6.348e-05
GPU Iteration: 2117  dt=3e-08  t=6.351e-05
GPU Iteration: 2118  dt=3e-08  t=6.354e-05
GPU Iteration: 2119  dt=3e-08  t=6.357e-05
GPU Iteration: 2120  dt=3e-08  t=6.36e-05
GPU Iteration: 2121  dt=3e-08  t=6.363e-05
GPU Iteration: 2122  dt=3e-08  t=6.366e-05
GPU Iteration: 2123  dt=3e-08  t=6.369e-05
GPU Iteration: 2124  dt=3e-08  t=6.372e-05
GPU Iteration: 2125  dt=3e-08  t=6.375e-05
GPU Iteration: 2126  dt=3e-08  t=6.378e-05
GPU Iteration: 2127  dt=3e-08  t=6.381e-05
GPU Iteration: 2128  dt=3e-08  t=6.384e-05
GPU Iteration: 2129  dt=3e-08  t=6.387e-05
GPU Iteration: 2130  dt=3e-08  t=6.39e-05
GPU Iteration: 2131  dt=3e-08  t=6.393e-05
GPU Iteration: 2132  dt=3e-08  t=6.396e-05
GPU Iteration: 2133  dt=3e-08  t=6.399e-05
GPU Iteration: 2134  dt=3e-08  t=6.402e-05
GPU Iteration: 2135  dt=3e-08  t=6.405e-05
GPU Iteration: 2136  dt=3e-08  t=6.408e-05
GPU Iteration: 2137  dt=3e-08  t=6.411e-05
GPU Iteration: 2138  dt=3e-08  t=6.414e-05
GPU Iteration: 2139  dt=3e-08  t=6.417e-05
GPU Iteration: 2140  dt=3e-08  t=6.42e-05
GPU Iteration: 2141  dt=3e-08  t=6.423e-05
GPU Iteration: 2142  dt=3e-08  t=6.426e-05
GPU Iteration: 2143  dt=3e-08  t=6.429e-05
GPU Iteration: 2144  dt=3e-08  t=6.432e-05
GPU Iteration: 2145  dt=3e-08  t=6.435e-05
GPU Iteration: 2146  dt=3e-08  t=6.438e-05
GPU Iteration: 2147  dt=3e-08  t=6.441e-05
GPU Iteration: 2148  dt=3e-08  t=6.444e-05
GPU Iteration: 2149  dt=3e-08  t=6.447e-05
GPU Iteration: 2150  dt=3e-08  t=6.45e-05
GPU Iteration: 2151  dt=3e-08  t=6.453e-05
GPU Iteration: 2152  dt=3e-08  t=6.456e-05
GPU Iteration: 2153  dt=3e-08  t=6.459e-05
GPU Iteration: 2154  dt=3e-08  t=6.462e-05
GPU Iteration: 2155  dt=3e-08  t=6.465e-05
GPU Iteration: 2156  dt=3e-08  t=6.468e-05
GPU Iteration: 2157  dt=3e-08  t=6.471e-05
GPU Iteration: 2158  dt=3e-08  t=6.474e-05
GPU Iteration: 2159  dt=3e-08  t=6.477e-05
GPU Iteration: 2160  dt=3e-08  t=6.48e-05
GPU Iteration: 2161  dt=3e-08  t=6.483e-05
GPU Iteration: 2162  dt=3e-08  t=6.486e-05
GPU Iteration: 2163  dt=3e-08  t=6.489e-05
GPU Iteration: 2164  dt=3e-08  t=6.492e-05
GPU Iteration: 2165  dt=3e-08  t=6.495e-05
GPU Iteration: 2166  dt=3e-08  t=6.498e-05
GPU Iteration: 2167  dt=3e-08  t=6.501e-05
GPU Iteration: 2168  dt=3e-08  t=6.504e-05
GPU Iteration: 2169  dt=3e-08  t=6.507e-05
GPU Iteration: 2170  dt=3e-08  t=6.51e-05
GPU Iteration: 2171  dt=3e-08  t=6.513e-05
GPU Iteration: 2172  dt=3e-08  t=6.516e-05
GPU Iteration: 2173  dt=3e-08  t=6.519e-05
GPU Iteration: 2174  dt=3e-08  t=6.522e-05
GPU Iteration: 2175  dt=3e-08  t=6.525e-05
GPU Iteration: 2176  dt=3e-08  t=6.528e-05
GPU Iteration: 2177  dt=3e-08  t=6.531e-05
GPU Iteration: 2178  dt=3e-08  t=6.534e-05
GPU Iteration: 2179  dt=3e-08  t=6.537e-05
GPU Iteration: 2180  dt=3e-08  t=6.54e-05
GPU Iteration: 2181  dt=3e-08  t=6.543e-05
GPU Iteration: 2182  dt=3e-08  t=6.546e-05
GPU Iteration: 2183  dt=3e-08  t=6.549e-05
GPU Iteration: 2184  dt=3e-08  t=6.552e-05
GPU Iteration: 2185  dt=3e-08  t=6.555e-05
GPU Iteration: 2186  dt=3e-08  t=6.558e-05
GPU Iteration: 2187  dt=3e-08  t=6.561e-05
GPU Iteration: 2188  dt=3e-08  t=6.564e-05
GPU Iteration: 2189  dt=3e-08  t=6.567e-05
GPU Iteration: 2190  dt=3e-08  t=6.57e-05
GPU Iteration: 2191  dt=3e-08  t=6.573e-05
GPU Iteration: 2192  dt=3e-08  t=6.576e-05
GPU Iteration: 2193  dt=3e-08  t=6.579e-05
GPU Iteration: 2194  dt=3e-08  t=6.582e-05
GPU Iteration: 2195  dt=3e-08  t=6.585e-05
GPU Iteration: 2196  dt=3e-08  t=6.588e-05
GPU Iteration: 2197  dt=3e-08  t=6.591e-05
GPU Iteration: 2198  dt=3e-08  t=6.594e-05
GPU Iteration: 2199  dt=3e-08  t=6.597e-05
GPU Iteration: 2200  dt=3e-08  t=6.6e-05
GPU Iteration: 2201  dt=3e-08  t=6.603e-05
GPU Iteration: 2202  dt=3e-08  t=6.606e-05
GPU Iteration: 2203  dt=3e-08  t=6.609e-05
GPU Iteration: 2204  dt=3e-08  t=6.612e-05
GPU Iteration: 2205  dt=3e-08  t=6.615e-05
GPU Iteration: 2206  dt=3e-08  t=6.618e-05
GPU Iteration: 2207  dt=3e-08  t=6.621e-05
GPU Iteration: 2208  dt=3e-08  t=6.624e-05
GPU Iteration: 2209  dt=3e-08  t=6.627e-05
GPU Iteration: 2210  dt=3e-08  t=6.63e-05
GPU Iteration: 2211  dt=3e-08  t=6.633e-05
GPU Iteration: 2212  dt=3e-08  t=6.636e-05
GPU Iteration: 2213  dt=3e-08  t=6.639e-05
GPU Iteration: 2214  dt=3e-08  t=6.642e-05
GPU Iteration: 2215  dt=3e-08  t=6.645e-05
GPU Iteration: 2216  dt=3e-08  t=6.648e-05
GPU Iteration: 2217  dt=3e-08  t=6.651e-05
GPU Iteration: 2218  dt=3e-08  t=6.654e-05
GPU Iteration: 2219  dt=3e-08  t=6.657e-05
GPU Iteration: 2220  dt=3e-08  t=6.66e-05
GPU Iteration: 2221  dt=3e-08  t=6.663e-05
GPU Iteration: 2222  dt=3e-08  t=6.666e-05
GPU Iteration: 2223  dt=3e-08  t=6.669e-05
GPU Iteration: 2224  dt=3e-08  t=6.672e-05
GPU Iteration: 2225  dt=3e-08  t=6.675e-05
GPU Iteration: 2226  dt=3e-08  t=6.678e-05
GPU Iteration: 2227  dt=3e-08  t=6.681e-05
GPU Iteration: 2228  dt=3e-08  t=6.684e-05
GPU Iteration: 2229  dt=3e-08  t=6.687e-05
GPU Iteration: 2230  dt=3e-08  t=6.69e-05
GPU Iteration: 2231  dt=3e-08  t=6.693e-05
GPU Iteration: 2232  dt=3e-08  t=6.696e-05
GPU Iteration: 2233  dt=3e-08  t=6.699e-05
GPU Iteration: 2234  dt=3e-08  t=6.702e-05
GPU Iteration: 2235  dt=3e-08  t=6.705e-05
GPU Iteration: 2236  dt=3e-08  t=6.708e-05
GPU Iteration: 2237  dt=3e-08  t=6.711e-05
GPU Iteration: 2238  dt=3e-08  t=6.714e-05
GPU Iteration: 2239  dt=3e-08  t=6.717e-05
GPU Iteration: 2240  dt=3e-08  t=6.72e-05
GPU Iteration: 2241  dt=3e-08  t=6.723e-05
GPU Iteration: 2242  dt=3e-08  t=6.726e-05
GPU Iteration: 2243  dt=3e-08  t=6.729e-05
GPU Iteration: 2244  dt=3e-08  t=6.732e-05
GPU Iteration: 2245  dt=3e-08  t=6.735e-05
GPU Iteration: 2246  dt=3e-08  t=6.738e-05
GPU Iteration: 2247  dt=3e-08  t=6.741e-05
GPU Iteration: 2248  dt=3e-08  t=6.744e-05
GPU Iteration: 2249  dt=3e-08  t=6.747e-05
GPU Iteration: 2250  dt=3e-08  t=6.75e-05
GPU Iteration: 2251  dt=3e-08  t=6.753e-05
GPU Iteration: 2252  dt=3e-08  t=6.756e-05
GPU Iteration: 2253  dt=3e-08  t=6.759e-05
GPU Iteration: 2254  dt=3e-08  t=6.762e-05
GPU Iteration: 2255  dt=3e-08  t=6.765e-05
GPU Iteration: 2256  dt=3e-08  t=6.768e-05
GPU Iteration: 2257  dt=3e-08  t=6.771e-05
GPU Iteration: 2258  dt=3e-08  t=6.774e-05
GPU Iteration: 2259  dt=3e-08  t=6.777e-05
GPU Iteration: 2260  dt=3e-08  t=6.78e-05
GPU Iteration: 2261  dt=3e-08  t=6.783e-05
GPU Iteration: 2262  dt=3e-08  t=6.786e-05
GPU Iteration: 2263  dt=3e-08  t=6.789e-05
GPU Iteration: 2264  dt=3e-08  t=6.792e-05
GPU Iteration: 2265  dt=3e-08  t=6.795e-05
GPU Iteration: 2266  dt=3e-08  t=6.798e-05
GPU Iteration: 2267  dt=3e-08  t=6.801e-05
GPU Iteration: 2268  dt=3e-08  t=6.804e-05
GPU Iteration: 2269  dt=3e-08  t=6.807e-05
GPU Iteration: 2270  dt=3e-08  t=6.81e-05
GPU Iteration: 2271  dt=3e-08  t=6.813e-05
GPU Iteration: 2272  dt=3e-08  t=6.816e-05
GPU Iteration: 2273  dt=3e-08  t=6.819e-05
GPU Iteration: 2274  dt=3e-08  t=6.822e-05
GPU Iteration: 2275  dt=3e-08  t=6.825e-05
GPU Iteration: 2276  dt=3e-08  t=6.828e-05
GPU Iteration: 2277  dt=3e-08  t=6.831e-05
GPU Iteration: 2278  dt=3e-08  t=6.834e-05
GPU Iteration: 2279  dt=3e-08  t=6.837e-05
GPU Iteration: 2280  dt=3e-08  t=6.84e-05
GPU Iteration: 2281  dt=3e-08  t=6.843e-05
GPU Iteration: 2282  dt=3e-08  t=6.846e-05
GPU Iteration: 2283  dt=3e-08  t=6.849e-05
GPU Iteration: 2284  dt=3e-08  t=6.852e-05
GPU Iteration: 2285  dt=3e-08  t=6.855e-05
GPU Iteration: 2286  dt=3e-08  t=6.858e-05
GPU Iteration: 2287  dt=3e-08  t=6.861e-05
GPU Iteration: 2288  dt=3e-08  t=6.864e-05
GPU Iteration: 2289  dt=3e-08  t=6.867e-05
GPU Iteration: 2290  dt=3e-08  t=6.87e-05
GPU Iteration: 2291  dt=3e-08  t=6.873e-05
GPU Iteration: 2292  dt=3e-08  t=6.876e-05
GPU Iteration: 2293  dt=3e-08  t=6.879e-05
GPU Iteration: 2294  dt=3e-08  t=6.882e-05
GPU Iteration: 2295  dt=3e-08  t=6.885e-05
GPU Iteration: 2296  dt=3e-08  t=6.888e-05
GPU Iteration: 2297  dt=3e-08  t=6.891e-05
GPU Iteration: 2298  dt=3e-08  t=6.894e-05
GPU Iteration: 2299  dt=3e-08  t=6.897e-05
GPU Iteration: 2300  dt=3e-08  t=6.9e-05
GPU Iteration: 2301  dt=3e-08  t=6.903e-05
GPU Iteration: 2302  dt=3e-08  t=6.906e-05
GPU Iteration: 2303  dt=3e-08  t=6.909e-05
GPU Iteration: 2304  dt=3e-08  t=6.912e-05
GPU Iteration: 2305  dt=3e-08  t=6.915e-05
GPU Iteration: 2306  dt=3e-08  t=6.918e-05
GPU Iteration: 2307  dt=3e-08  t=6.921e-05
GPU Iteration: 2308  dt=3e-08  t=6.924e-05
GPU Iteration: 2309  dt=3e-08  t=6.927e-05
GPU Iteration: 2310  dt=3e-08  t=6.93e-05
GPU Iteration: 2311  dt=3e-08  t=6.933e-05
GPU Iteration: 2312  dt=3e-08  t=6.936e-05
GPU Iteration: 2313  dt=3e-08  t=6.939e-05
GPU Iteration: 2314  dt=3e-08  t=6.942e-05
GPU Iteration: 2315  dt=3e-08  t=6.945e-05
GPU Iteration: 2316  dt=3e-08  t=6.948e-05
GPU Iteration: 2317  dt=3e-08  t=6.951e-05
GPU Iteration: 2318  dt=3e-08  t=6.954e-05
GPU Iteration: 2319  dt=3e-08  t=6.957e-05
GPU Iteration: 2320  dt=3e-08  t=6.96e-05
GPU Iteration: 2321  dt=3e-08  t=6.963e-05
GPU Iteration: 2322  dt=3e-08  t=6.966e-05
GPU Iteration: 2323  dt=3e-08  t=6.969e-05
GPU Iteration: 2324  dt=3e-08  t=6.972e-05
GPU Iteration: 2325  dt=3e-08  t=6.975e-05
GPU Iteration: 2326  dt=3e-08  t=6.978e-05
GPU Iteration: 2327  dt=3e-08  t=6.981e-05
GPU Iteration: 2328  dt=3e-08  t=6.984e-05
GPU Iteration: 2329  dt=3e-08  t=6.987e-05
GPU Iteration: 2330  dt=3e-08  t=6.99e-05
GPU Iteration: 2331  dt=3e-08  t=6.993e-05
GPU Iteration: 2332  dt=3e-08  t=6.996e-05
GPU Iteration: 2333  dt=3e-08  t=6.999e-05
GPU Iteration: 2334  dt=3e-08  t=7.002e-05
GPU Iteration: 2335  dt=3e-08  t=7.005e-05
GPU Iteration: 2336  dt=3e-08  t=7.008e-05
GPU Iteration: 2337  dt=3e-08  t=7.011e-05
GPU Iteration: 2338  dt=3e-08  t=7.014e-05
GPU Iteration: 2339  dt=3e-08  t=7.017e-05
GPU Iteration: 2340  dt=3e-08  t=7.02e-05
GPU Iteration: 2341  dt=3e-08  t=7.023e-05
GPU Iteration: 2342  dt=3e-08  t=7.026e-05
GPU Iteration: 2343  dt=3e-08  t=7.029e-05
GPU Iteration: 2344  dt=3e-08  t=7.032e-05
GPU Iteration: 2345  dt=3e-08  t=7.035e-05
GPU Iteration: 2346  dt=3e-08  t=7.038e-05
GPU Iteration: 2347  dt=3e-08  t=7.041e-05
GPU Iteration: 2348  dt=3e-08  t=7.044e-05
GPU Iteration: 2349  dt=3e-08  t=7.047e-05
GPU Iteration: 2350  dt=3e-08  t=7.05e-05
GPU Iteration: 2351  dt=3e-08  t=7.053e-05
GPU Iteration: 2352  dt=3e-08  t=7.056e-05
GPU Iteration: 2353  dt=3e-08  t=7.059e-05
GPU Iteration: 2354  dt=3e-08  t=7.062e-05
GPU Iteration: 2355  dt=3e-08  t=7.065e-05
GPU Iteration: 2356  dt=3e-08  t=7.068e-05
GPU Iteration: 2357  dt=3e-08  t=7.071e-05
GPU Iteration: 2358  dt=3e-08  t=7.074e-05
GPU Iteration: 2359  dt=3e-08  t=7.077e-05
GPU Iteration: 2360  dt=3e-08  t=7.08e-05
GPU Iteration: 2361  dt=3e-08  t=7.083e-05
GPU Iteration: 2362  dt=3e-08  t=7.086e-05
GPU Iteration: 2363  dt=3e-08  t=7.089e-05
GPU Iteration: 2364  dt=3e-08  t=7.092e-05
GPU Iteration: 2365  dt=3e-08  t=7.095e-05
GPU Iteration: 2366  dt=3e-08  t=7.098e-05
GPU Iteration: 2367  dt=3e-08  t=7.101e-05
GPU Iteration: 2368  dt=3e-08  t=7.104e-05
GPU Iteration: 2369  dt=3e-08  t=7.107e-05
GPU Iteration: 2370  dt=3e-08  t=7.11e-05
GPU Iteration: 2371  dt=3e-08  t=7.113e-05
GPU Iteration: 2372  dt=3e-08  t=7.116e-05
GPU Iteration: 2373  dt=3e-08  t=7.119e-05
GPU Iteration: 2374  dt=3e-08  t=7.122e-05
GPU Iteration: 2375  dt=3e-08  t=7.125e-05
GPU Iteration: 2376  dt=3e-08  t=7.128e-05
GPU Iteration: 2377  dt=3e-08  t=7.131e-05
GPU Iteration: 2378  dt=3e-08  t=7.134e-05
GPU Iteration: 2379  dt=3e-08  t=7.137e-05
GPU Iteration: 2380  dt=3e-08  t=7.14e-05
GPU Iteration: 2381  dt=3e-08  t=7.143e-05
GPU Iteration: 2382  dt=3e-08  t=7.146e-05
GPU Iteration: 2383  dt=3e-08  t=7.149e-05
GPU Iteration: 2384  dt=3e-08  t=7.152e-05
GPU Iteration: 2385  dt=3e-08  t=7.155e-05
GPU Iteration: 2386  dt=3e-08  t=7.158e-05
GPU Iteration: 2387  dt=3e-08  t=7.161e-05
GPU Iteration: 2388  dt=3e-08  t=7.164e-05
GPU Iteration: 2389  dt=3e-08  t=7.167e-05
GPU Iteration: 2390  dt=3e-08  t=7.17e-05
GPU Iteration: 2391  dt=3e-08  t=7.173e-05
GPU Iteration: 2392  dt=3e-08  t=7.176e-05
GPU Iteration: 2393  dt=3e-08  t=7.179e-05
GPU Iteration: 2394  dt=3e-08  t=7.182e-05
GPU Iteration: 2395  dt=3e-08  t=7.185e-05
GPU Iteration: 2396  dt=3e-08  t=7.188e-05
GPU Iteration: 2397  dt=3e-08  t=7.191e-05
GPU Iteration: 2398  dt=3e-08  t=7.194e-05
GPU Iteration: 2399  dt=3e-08  t=7.197e-05
GPU Iteration: 2400  dt=3e-08  t=7.2e-05
GPU Iteration: 2401  dt=3e-08  t=7.203e-05
GPU Iteration: 2402  dt=3e-08  t=7.206e-05
GPU Iteration: 2403  dt=3e-08  t=7.209e-05
GPU Iteration: 2404  dt=3e-08  t=7.212e-05
GPU Iteration: 2405  dt=3e-08  t=7.215e-05
GPU Iteration: 2406  dt=3e-08  t=7.218e-05
GPU Iteration: 2407  dt=3e-08  t=7.221e-05
GPU Iteration: 2408  dt=3e-08  t=7.224e-05
GPU Iteration: 2409  dt=3e-08  t=7.227e-05
GPU Iteration: 2410  dt=3e-08  t=7.23e-05
GPU Iteration: 2411  dt=3e-08  t=7.233e-05
GPU Iteration: 2412  dt=3e-08  t=7.236e-05
GPU Iteration: 2413  dt=3e-08  t=7.239e-05
GPU Iteration: 2414  dt=3e-08  t=7.242e-05
GPU Iteration: 2415  dt=3e-08  t=7.245e-05
GPU Iteration: 2416  dt=3e-08  t=7.248e-05
GPU Iteration: 2417  dt=3e-08  t=7.251e-05
GPU Iteration: 2418  dt=3e-08  t=7.254e-05
GPU Iteration: 2419  dt=3e-08  t=7.257e-05
GPU Iteration: 2420  dt=3e-08  t=7.26e-05
GPU Iteration: 2421  dt=3e-08  t=7.263e-05
GPU Iteration: 2422  dt=3e-08  t=7.266e-05
GPU Iteration: 2423  dt=3e-08  t=7.269e-05
GPU Iteration: 2424  dt=3e-08  t=7.272e-05
GPU Iteration: 2425  dt=3e-08  t=7.275e-05
GPU Iteration: 2426  dt=3e-08  t=7.278e-05
GPU Iteration: 2427  dt=3e-08  t=7.281e-05
GPU Iteration: 2428  dt=3e-08  t=7.284e-05
GPU Iteration: 2429  dt=3e-08  t=7.287e-05
GPU Iteration: 2430  dt=3e-08  t=7.29e-05
GPU Iteration: 2431  dt=3e-08  t=7.293e-05
GPU Iteration: 2432  dt=3e-08  t=7.296e-05
GPU Iteration: 2433  dt=3e-08  t=7.299e-05
GPU Iteration: 2434  dt=3e-08  t=7.302e-05
GPU Iteration: 2435  dt=3e-08  t=7.305e-05
GPU Iteration: 2436  dt=3e-08  t=7.308e-05
GPU Iteration: 2437  dt=3e-08  t=7.311e-05
GPU Iteration: 2438  dt=3e-08  t=7.314e-05
GPU Iteration: 2439  dt=3e-08  t=7.317e-05
GPU Iteration: 2440  dt=3e-08  t=7.32e-05
GPU Iteration: 2441  dt=3e-08  t=7.323e-05
GPU Iteration: 2442  dt=3e-08  t=7.326e-05
GPU Iteration: 2443  dt=3e-08  t=7.329e-05
GPU Iteration: 2444  dt=3e-08  t=7.332e-05
GPU Iteration: 2445  dt=3e-08  t=7.335e-05
GPU Iteration: 2446  dt=3e-08  t=7.338e-05
GPU Iteration: 2447  dt=3e-08  t=7.341e-05
GPU Iteration: 2448  dt=3e-08  t=7.344e-05
GPU Iteration: 2449  dt=3e-08  t=7.347e-05
GPU Iteration: 2450  dt=3e-08  t=7.35e-05
GPU Iteration: 2451  dt=3e-08  t=7.353e-05
GPU Iteration: 2452  dt=3e-08  t=7.356e-05
GPU Iteration: 2453  dt=3e-08  t=7.359e-05
GPU Iteration: 2454  dt=3e-08  t=7.362e-05
GPU Iteration: 2455  dt=3e-08  t=7.365e-05
GPU Iteration: 2456  dt=3e-08  t=7.368e-05
GPU Iteration: 2457  dt=3e-08  t=7.371e-05
GPU Iteration: 2458  dt=3e-08  t=7.374e-05
GPU Iteration: 2459  dt=3e-08  t=7.377e-05
GPU Iteration: 2460  dt=3e-08  t=7.38e-05
GPU Iteration: 2461  dt=3e-08  t=7.383e-05
GPU Iteration: 2462  dt=3e-08  t=7.386e-05
GPU Iteration: 2463  dt=3e-08  t=7.389e-05
GPU Iteration: 2464  dt=3e-08  t=7.392e-05
GPU Iteration: 2465  dt=3e-08  t=7.395e-05
GPU Iteration: 2466  dt=3e-08  t=7.398e-05
GPU Iteration: 2467  dt=3e-08  t=7.401e-05
GPU Iteration: 2468  dt=3e-08  t=7.404e-05
GPU Iteration: 2469  dt=3e-08  t=7.407e-05
GPU Iteration: 2470  dt=3e-08  t=7.41e-05
GPU Iteration: 2471  dt=3e-08  t=7.413e-05
GPU Iteration: 2472  dt=3e-08  t=7.416e-05
GPU Iteration: 2473  dt=3e-08  t=7.419e-05
GPU Iteration: 2474  dt=3e-08  t=7.422e-05
GPU Iteration: 2475  dt=3e-08  t=7.425e-05
GPU Iteration: 2476  dt=3e-08  t=7.428e-05
GPU Iteration: 2477  dt=3e-08  t=7.431e-05
GPU Iteration: 2478  dt=3e-08  t=7.434e-05
GPU Iteration: 2479  dt=3e-08  t=7.437e-05
GPU Iteration: 2480  dt=3e-08  t=7.44e-05
GPU Iteration: 2481  dt=3e-08  t=7.443e-05
GPU Iteration: 2482  dt=3e-08  t=7.446e-05
GPU Iteration: 2483  dt=3e-08  t=7.449e-05
GPU Iteration: 2484  dt=3e-08  t=7.452e-05
GPU Iteration: 2485  dt=3e-08  t=7.455e-05
GPU Iteration: 2486  dt=3e-08  t=7.458e-05
GPU Iteration: 2487  dt=3e-08  t=7.461e-05
GPU Iteration: 2488  dt=3e-08  t=7.464e-05
GPU Iteration: 2489  dt=3e-08  t=7.467e-05
GPU Iteration: 2490  dt=3e-08  t=7.47e-05
GPU Iteration: 2491  dt=3e-08  t=7.473e-05
GPU Iteration: 2492  dt=3e-08  t=7.476e-05
GPU Iteration: 2493  dt=3e-08  t=7.479e-05
GPU Iteration: 2494  dt=3e-08  t=7.482e-05
GPU Iteration: 2495  dt=3e-08  t=7.485e-05
GPU Iteration: 2496  dt=3e-08  t=7.488e-05
GPU Iteration: 2497  dt=3e-08  t=7.491e-05
GPU Iteration: 2498  dt=3e-08  t=7.494e-05
GPU Iteration: 2499  dt=3e-08  t=7.497e-05
GPU Iteration: 2500  dt=3e-08  t=7.5e-05
GPU Iteration: 2501  dt=3e-08  t=7.503e-05
GPU Iteration: 2502  dt=3e-08  t=7.506e-05
GPU Iteration: 2503  dt=3e-08  t=7.509e-05
GPU Iteration: 2504  dt=3e-08  t=7.512e-05
GPU Iteration: 2505  dt=3e-08  t=7.515e-05
GPU Iteration: 2506  dt=3e-08  t=7.518e-05
GPU Iteration: 2507  dt=3e-08  t=7.521e-05
GPU Iteration: 2508  dt=3e-08  t=7.524e-05
GPU Iteration: 2509  dt=3e-08  t=7.527e-05
GPU Iteration: 2510  dt=3e-08  t=7.53e-05
GPU Iteration: 2511  dt=3e-08  t=7.533e-05
GPU Iteration: 2512  dt=3e-08  t=7.536e-05
GPU Iteration: 2513  dt=3e-08  t=7.539e-05
GPU Iteration: 2514  dt=3e-08  t=7.542e-05
GPU Iteration: 2515  dt=3e-08  t=7.545e-05
GPU Iteration: 2516  dt=3e-08  t=7.548e-05
GPU Iteration: 2517  dt=3e-08  t=7.551e-05
GPU Iteration: 2518  dt=3e-08  t=7.554e-05
GPU Iteration: 2519  dt=3e-08  t=7.557e-05
GPU Iteration: 2520  dt=3e-08  t=7.56e-05
GPU Iteration: 2521  dt=3e-08  t=7.563e-05
GPU Iteration: 2522  dt=3e-08  t=7.566e-05
GPU Iteration: 2523  dt=3e-08  t=7.569e-05
GPU Iteration: 2524  dt=3e-08  t=7.572e-05
GPU Iteration: 2525  dt=3e-08  t=7.575e-05
GPU Iteration: 2526  dt=3e-08  t=7.578e-05
GPU Iteration: 2527  dt=3e-08  t=7.581e-05
GPU Iteration: 2528  dt=3e-08  t=7.584e-05
GPU Iteration: 2529  dt=3e-08  t=7.587e-05
GPU Iteration: 2530  dt=3e-08  t=7.59e-05
GPU Iteration: 2531  dt=3e-08  t=7.593e-05
GPU Iteration: 2532  dt=3e-08  t=7.596e-05
GPU Iteration: 2533  dt=3e-08  t=7.599e-05
GPU Iteration: 2534  dt=3e-08  t=7.602e-05
GPU Iteration: 2535  dt=3e-08  t=7.605e-05
GPU Iteration: 2536  dt=3e-08  t=7.608e-05
GPU Iteration: 2537  dt=3e-08  t=7.611e-05
GPU Iteration: 2538  dt=3e-08  t=7.614e-05
GPU Iteration: 2539  dt=3e-08  t=7.617e-05
GPU Iteration: 2540  dt=3e-08  t=7.62e-05
GPU Iteration: 2541  dt=3e-08  t=7.623e-05
GPU Iteration: 2542  dt=3e-08  t=7.626e-05
GPU Iteration: 2543  dt=3e-08  t=7.629e-05
GPU Iteration: 2544  dt=3e-08  t=7.632e-05
GPU Iteration: 2545  dt=3e-08  t=7.635e-05
GPU Iteration: 2546  dt=3e-08  t=7.638e-05
GPU Iteration: 2547  dt=3e-08  t=7.641e-05
GPU Iteration: 2548  dt=3e-08  t=7.644e-05
GPU Iteration: 2549  dt=3e-08  t=7.647e-05
GPU Iteration: 2550  dt=3e-08  t=7.65e-05
GPU Iteration: 2551  dt=3e-08  t=7.653e-05
GPU Iteration: 2552  dt=3e-08  t=7.656e-05
GPU Iteration: 2553  dt=3e-08  t=7.659e-05
GPU Iteration: 2554  dt=3e-08  t=7.662e-05
GPU Iteration: 2555  dt=3e-08  t=7.665e-05
GPU Iteration: 2556  dt=3e-08  t=7.668e-05
GPU Iteration: 2557  dt=3e-08  t=7.671e-05
GPU Iteration: 2558  dt=3e-08  t=7.674e-05
GPU Iteration: 2559  dt=3e-08  t=7.677e-05
GPU Iteration: 2560  dt=3e-08  t=7.68e-05
GPU Iteration: 2561  dt=3e-08  t=7.683e-05
GPU Iteration: 2562  dt=3e-08  t=7.686e-05
GPU Iteration: 2563  dt=3e-08  t=7.689e-05
GPU Iteration: 2564  dt=3e-08  t=7.692e-05
GPU Iteration: 2565  dt=3e-08  t=7.695e-05
GPU Iteration: 2566  dt=3e-08  t=7.698e-05
GPU Iteration: 2567  dt=3e-08  t=7.701e-05
GPU Iteration: 2568  dt=3e-08  t=7.704e-05
GPU Iteration: 2569  dt=3e-08  t=7.707e-05
GPU Iteration: 2570  dt=3e-08  t=7.71e-05
GPU Iteration: 2571  dt=3e-08  t=7.713e-05
GPU Iteration: 2572  dt=3e-08  t=7.716e-05
GPU Iteration: 2573  dt=3e-08  t=7.719e-05
GPU Iteration: 2574  dt=3e-08  t=7.722e-05
GPU Iteration: 2575  dt=3e-08  t=7.725e-05
GPU Iteration: 2576  dt=3e-08  t=7.728e-05
GPU Iteration: 2577  dt=3e-08  t=7.731e-05
GPU Iteration: 2578  dt=3e-08  t=7.734e-05
GPU Iteration: 2579  dt=3e-08  t=7.737e-05
GPU Iteration: 2580  dt=3e-08  t=7.74e-05
GPU Iteration: 2581  dt=3e-08  t=7.743e-05
GPU Iteration: 2582  dt=3e-08  t=7.746e-05
GPU Iteration: 2583  dt=3e-08  t=7.749e-05
GPU Iteration: 2584  dt=3e-08  t=7.752e-05
GPU Iteration: 2585  dt=3e-08  t=7.755e-05
GPU Iteration: 2586  dt=3e-08  t=7.758e-05
GPU Iteration: 2587  dt=3e-08  t=7.761e-05
GPU Iteration: 2588  dt=3e-08  t=7.764e-05
GPU Iteration: 2589  dt=3e-08  t=7.767e-05
GPU Iteration: 2590  dt=3e-08  t=7.77e-05
GPU Iteration: 2591  dt=3e-08  t=7.773e-05
GPU Iteration: 2592  dt=3e-08  t=7.776e-05
GPU Iteration: 2593  dt=3e-08  t=7.779e-05
GPU Iteration: 2594  dt=3e-08  t=7.782e-05
GPU Iteration: 2595  dt=3e-08  t=7.785e-05
GPU Iteration: 2596  dt=3e-08  t=7.788e-05
GPU Iteration: 2597  dt=3e-08  t=7.791e-05
GPU Iteration: 2598  dt=3e-08  t=7.794e-05
GPU Iteration: 2599  dt=3e-08  t=7.797e-05
GPU Iteration: 2600  dt=3e-08  t=7.8e-05
GPU Iteration: 2601  dt=3e-08  t=7.803e-05
GPU Iteration: 2602  dt=3e-08  t=7.806e-05
GPU Iteration: 2603  dt=3e-08  t=7.809e-05
GPU Iteration: 2604  dt=3e-08  t=7.812e-05
GPU Iteration: 2605  dt=3e-08  t=7.815e-05
GPU Iteration: 2606  dt=3e-08  t=7.818e-05
GPU Iteration: 2607  dt=3e-08  t=7.821e-05
GPU Iteration: 2608  dt=3e-08  t=7.824e-05
GPU Iteration: 2609  dt=3e-08  t=7.827e-05
GPU Iteration: 2610  dt=3e-08  t=7.83e-05
GPU Iteration: 2611  dt=3e-08  t=7.833e-05
GPU Iteration: 2612  dt=3e-08  t=7.836e-05
GPU Iteration: 2613  dt=3e-08  t=7.839e-05
GPU Iteration: 2614  dt=3e-08  t=7.842e-05
GPU Iteration: 2615  dt=3e-08  t=7.845e-05
GPU Iteration: 2616  dt=3e-08  t=7.848e-05
GPU Iteration: 2617  dt=3e-08  t=7.851e-05
GPU Iteration: 2618  dt=3e-08  t=7.854e-05
GPU Iteration: 2619  dt=3e-08  t=7.857e-05
GPU Iteration: 2620  dt=3e-08  t=7.86e-05
GPU Iteration: 2621  dt=3e-08  t=7.863e-05
GPU Iteration: 2622  dt=3e-08  t=7.866e-05
GPU Iteration: 2623  dt=3e-08  t=7.869e-05
GPU Iteration: 2624  dt=3e-08  t=7.872e-05
GPU Iteration: 2625  dt=3e-08  t=7.875e-05
GPU Iteration: 2626  dt=3e-08  t=7.878e-05
GPU Iteration: 2627  dt=3e-08  t=7.881e-05
GPU Iteration: 2628  dt=3e-08  t=7.884e-05
GPU Iteration: 2629  dt=3e-08  t=7.887e-05
GPU Iteration: 2630  dt=3e-08  t=7.89e-05
GPU Iteration: 2631  dt=3e-08  t=7.893e-05
GPU Iteration: 2632  dt=3e-08  t=7.896e-05
GPU Iteration: 2633  dt=3e-08  t=7.899e-05
GPU Iteration: 2634  dt=3e-08  t=7.902e-05
GPU Iteration: 2635  dt=3e-08  t=7.905e-05
GPU Iteration: 2636  dt=3e-08  t=7.908e-05
GPU Iteration: 2637  dt=3e-08  t=7.911e-05
GPU Iteration: 2638  dt=3e-08  t=7.914e-05
GPU Iteration: 2639  dt=3e-08  t=7.917e-05
GPU Iteration: 2640  dt=3e-08  t=7.92e-05
GPU Iteration: 2641  dt=3e-08  t=7.923e-05
GPU Iteration: 2642  dt=3e-08  t=7.926e-05
GPU Iteration: 2643  dt=3e-08  t=7.929e-05
GPU Iteration: 2644  dt=3e-08  t=7.932e-05
GPU Iteration: 2645  dt=3e-08  t=7.935e-05
GPU Iteration: 2646  dt=3e-08  t=7.938e-05
GPU Iteration: 2647  dt=3e-08  t=7.941e-05
GPU Iteration: 2648  dt=3e-08  t=7.944e-05
GPU Iteration: 2649  dt=3e-08  t=7.947e-05
GPU Iteration: 2650  dt=3e-08  t=7.95e-05
GPU Iteration: 2651  dt=3e-08  t=7.953e-05
GPU Iteration: 2652  dt=3e-08  t=7.956e-05
GPU Iteration: 2653  dt=3e-08  t=7.959e-05
GPU Iteration: 2654  dt=3e-08  t=7.962e-05
GPU Iteration: 2655  dt=3e-08  t=7.965e-05
GPU Iteration: 2656  dt=3e-08  t=7.968e-05
GPU Iteration: 2657  dt=3e-08  t=7.971e-05
GPU Iteration: 2658  dt=3e-08  t=7.974e-05
GPU Iteration: 2659  dt=3e-08  t=7.977e-05
GPU Iteration: 2660  dt=3e-08  t=7.98e-05
GPU Iteration: 2661  dt=3e-08  t=7.983e-05
GPU Iteration: 2662  dt=3e-08  t=7.986e-05
GPU Iteration: 2663  dt=3e-08  t=7.989e-05
GPU Iteration: 2664  dt=3e-08  t=7.992e-05
GPU Iteration: 2665  dt=3e-08  t=7.995e-05
GPU Iteration: 2666  dt=3e-08  t=7.998e-05
GPU Iteration: 2667  dt=3e-08  t=8.001e-05
GPU Iteration: 2668  dt=3e-08  t=8.004e-05
GPU Iteration: 2669  dt=3e-08  t=8.007e-05
GPU Iteration: 2670  dt=3e-08  t=8.01e-05
GPU Iteration: 2671  dt=3e-08  t=8.013e-05
GPU Iteration: 2672  dt=3e-08  t=8.016e-05
GPU Iteration: 2673  dt=3e-08  t=8.019e-05
GPU Iteration: 2674  dt=3e-08  t=8.022e-05
GPU Iteration: 2675  dt=3e-08  t=8.025e-05
GPU Iteration: 2676  dt=3e-08  t=8.028e-05
GPU Iteration: 2677  dt=3e-08  t=8.031e-05
GPU Iteration: 2678  dt=3e-08  t=8.034e-05
GPU Iteration: 2679  dt=3e-08  t=8.037e-05
GPU Iteration: 2680  dt=3e-08  t=8.04e-05
GPU Iteration: 2681  dt=3e-08  t=8.043e-05
GPU Iteration: 2682  dt=3e-08  t=8.046e-05
GPU Iteration: 2683  dt=3e-08  t=8.049e-05
GPU Iteration: 2684  dt=3e-08  t=8.052e-05
GPU Iteration: 2685  dt=3e-08  t=8.055e-05
GPU Iteration: 2686  dt=3e-08  t=8.058e-05
GPU Iteration: 2687  dt=3e-08  t=8.061e-05
GPU Iteration: 2688  dt=3e-08  t=8.064e-05
GPU Iteration: 2689  dt=3e-08  t=8.067e-05
GPU Iteration: 2690  dt=3e-08  t=8.07e-05
GPU Iteration: 2691  dt=3e-08  t=8.073e-05
GPU Iteration: 2692  dt=3e-08  t=8.076e-05
GPU Iteration: 2693  dt=3e-08  t=8.079e-05
GPU Iteration: 2694  dt=3e-08  t=8.082e-05
GPU Iteration: 2695  dt=3e-08  t=8.085e-05
GPU Iteration: 2696  dt=3e-08  t=8.088e-05
GPU Iteration: 2697  dt=3e-08  t=8.091e-05
GPU Iteration: 2698  dt=3e-08  t=8.094e-05
GPU Iteration: 2699  dt=3e-08  t=8.097e-05
GPU Iteration: 2700  dt=3e-08  t=8.1e-05
GPU Iteration: 2701  dt=3e-08  t=8.103e-05
GPU Iteration: 2702  dt=3e-08  t=8.106e-05
GPU Iteration: 2703  dt=3e-08  t=8.109e-05
GPU Iteration: 2704  dt=3e-08  t=8.112e-05
GPU Iteration: 2705  dt=3e-08  t=8.115e-05
GPU Iteration: 2706  dt=3e-08  t=8.118e-05
GPU Iteration: 2707  dt=3e-08  t=8.121e-05
GPU Iteration: 2708  dt=3e-08  t=8.124e-05
GPU Iteration: 2709  dt=3e-08  t=8.127e-05
GPU Iteration: 2710  dt=3e-08  t=8.13e-05
GPU Iteration: 2711  dt=3e-08  t=8.133e-05
GPU Iteration: 2712  dt=3e-08  t=8.136e-05
GPU Iteration: 2713  dt=3e-08  t=8.139e-05
GPU Iteration: 2714  dt=3e-08  t=8.142e-05
GPU Iteration: 2715  dt=3e-08  t=8.145e-05
GPU Iteration: 2716  dt=3e-08  t=8.148e-05
GPU Iteration: 2717  dt=3e-08  t=8.151e-05
GPU Iteration: 2718  dt=3e-08  t=8.154e-05
GPU Iteration: 2719  dt=3e-08  t=8.157e-05
GPU Iteration: 2720  dt=3e-08  t=8.16e-05
GPU Iteration: 2721  dt=3e-08  t=8.163e-05
GPU Iteration: 2722  dt=3e-08  t=8.166e-05
GPU Iteration: 2723  dt=3e-08  t=8.169e-05
GPU Iteration: 2724  dt=3e-08  t=8.172e-05
GPU Iteration: 2725  dt=3e-08  t=8.175e-05
GPU Iteration: 2726  dt=3e-08  t=8.178e-05
GPU Iteration: 2727  dt=3e-08  t=8.181e-05
GPU Iteration: 2728  dt=3e-08  t=8.184e-05
GPU Iteration: 2729  dt=3e-08  t=8.187e-05
GPU Iteration: 2730  dt=3e-08  t=8.19e-05
GPU Iteration: 2731  dt=3e-08  t=8.193e-05
GPU Iteration: 2732  dt=3e-08  t=8.196e-05
GPU Iteration: 2733  dt=3e-08  t=8.199e-05
GPU Iteration: 2734  dt=3e-08  t=8.202e-05
GPU Iteration: 2735  dt=3e-08  t=8.205e-05
GPU Iteration: 2736  dt=3e-08  t=8.208e-05
GPU Iteration: 2737  dt=3e-08  t=8.211e-05
GPU Iteration: 2738  dt=3e-08  t=8.214e-05
GPU Iteration: 2739  dt=3e-08  t=8.217e-05
GPU Iteration: 2740  dt=3e-08  t=8.22e-05
GPU Iteration: 2741  dt=3e-08  t=8.223e-05
GPU Iteration: 2742  dt=3e-08  t=8.226e-05
GPU Iteration: 2743  dt=3e-08  t=8.229e-05
GPU Iteration: 2744  dt=3e-08  t=8.232e-05
GPU Iteration: 2745  dt=3e-08  t=8.235e-05
GPU Iteration: 2746  dt=3e-08  t=8.238e-05
GPU Iteration: 2747  dt=3e-08  t=8.241e-05
GPU Iteration: 2748  dt=3e-08  t=8.244e-05
GPU Iteration: 2749  dt=3e-08  t=8.247e-05
GPU Iteration: 2750  dt=3e-08  t=8.25e-05
GPU Iteration: 2751  dt=3e-08  t=8.253e-05
GPU Iteration: 2752  dt=3e-08  t=8.256e-05
GPU Iteration: 2753  dt=3e-08  t=8.259e-05
GPU Iteration: 2754  dt=3e-08  t=8.262e-05
GPU Iteration: 2755  dt=3e-08  t=8.265e-05
GPU Iteration: 2756  dt=3e-08  t=8.268e-05
GPU Iteration: 2757  dt=3e-08  t=8.271e-05
GPU Iteration: 2758  dt=3e-08  t=8.274e-05
GPU Iteration: 2759  dt=3e-08  t=8.277e-05
GPU Iteration: 2760  dt=3e-08  t=8.28e-05
GPU Iteration: 2761  dt=3e-08  t=8.283e-05
GPU Iteration: 2762  dt=3e-08  t=8.286e-05
GPU Iteration: 2763  dt=3e-08  t=8.289e-05
GPU Iteration: 2764  dt=3e-08  t=8.292e-05
GPU Iteration: 2765  dt=3e-08  t=8.295e-05
GPU Iteration: 2766  dt=3e-08  t=8.298e-05
GPU Iteration: 2767  dt=3e-08  t=8.301e-05
GPU Iteration: 2768  dt=3e-08  t=8.304e-05
GPU Iteration: 2769  dt=3e-08  t=8.307e-05
GPU Iteration: 2770  dt=3e-08  t=8.31e-05
GPU Iteration: 2771  dt=3e-08  t=8.313e-05
GPU Iteration: 2772  dt=3e-08  t=8.316e-05
GPU Iteration: 2773  dt=3e-08  t=8.319e-05
GPU Iteration: 2774  dt=3e-08  t=8.322e-05
GPU Iteration: 2775  dt=3e-08  t=8.325e-05
GPU Iteration: 2776  dt=3e-08  t=8.328e-05
GPU Iteration: 2777  dt=3e-08  t=8.331e-05
GPU Iteration: 2778  dt=3e-08  t=8.334e-05
GPU Iteration: 2779  dt=3e-08  t=8.337e-05
GPU Iteration: 2780  dt=3e-08  t=8.34e-05
GPU Iteration: 2781  dt=3e-08  t=8.343e-05
GPU Iteration: 2782  dt=3e-08  t=8.346e-05
GPU Iteration: 2783  dt=3e-08  t=8.349e-05
GPU Iteration: 2784  dt=3e-08  t=8.352e-05
GPU Iteration: 2785  dt=3e-08  t=8.355e-05
GPU Iteration: 2786  dt=3e-08  t=8.358e-05
GPU Iteration: 2787  dt=3e-08  t=8.361e-05
GPU Iteration: 2788  dt=3e-08  t=8.364e-05
GPU Iteration: 2789  dt=3e-08  t=8.367e-05
GPU Iteration: 2790  dt=3e-08  t=8.37e-05
GPU Iteration: 2791  dt=3e-08  t=8.373e-05
GPU Iteration: 2792  dt=3e-08  t=8.376e-05
GPU Iteration: 2793  dt=3e-08  t=8.379e-05
GPU Iteration: 2794  dt=3e-08  t=8.382e-05
GPU Iteration: 2795  dt=3e-08  t=8.385e-05
GPU Iteration: 2796  dt=3e-08  t=8.388e-05
GPU Iteration: 2797  dt=3e-08  t=8.391e-05
GPU Iteration: 2798  dt=3e-08  t=8.394e-05
GPU Iteration: 2799  dt=3e-08  t=8.397e-05
GPU Iteration: 2800  dt=3e-08  t=8.4e-05
GPU Iteration: 2801  dt=3e-08  t=8.403e-05
GPU Iteration: 2802  dt=3e-08  t=8.406e-05
GPU Iteration: 2803  dt=3e-08  t=8.409e-05
GPU Iteration: 2804  dt=3e-08  t=8.412e-05
GPU Iteration: 2805  dt=3e-08  t=8.415e-05
GPU Iteration: 2806  dt=3e-08  t=8.418e-05
GPU Iteration: 2807  dt=3e-08  t=8.421e-05
GPU Iteration: 2808  dt=3e-08  t=8.424e-05
GPU Iteration: 2809  dt=3e-08  t=8.427e-05
GPU Iteration: 2810  dt=3e-08  t=8.43e-05
GPU Iteration: 2811  dt=3e-08  t=8.433e-05
GPU Iteration: 2812  dt=3e-08  t=8.436e-05
GPU Iteration: 2813  dt=3e-08  t=8.439e-05
GPU Iteration: 2814  dt=3e-08  t=8.442e-05
GPU Iteration: 2815  dt=3e-08  t=8.445e-05
GPU Iteration: 2816  dt=3e-08  t=8.448e-05
GPU Iteration: 2817  dt=3e-08  t=8.451e-05
GPU Iteration: 2818  dt=3e-08  t=8.454e-05
GPU Iteration: 2819  dt=3e-08  t=8.457e-05
GPU Iteration: 2820  dt=3e-08  t=8.46e-05
GPU Iteration: 2821  dt=3e-08  t=8.463e-05
GPU Iteration: 2822  dt=3e-08  t=8.466e-05
GPU Iteration: 2823  dt=3e-08  t=8.469e-05
GPU Iteration: 2824  dt=3e-08  t=8.472e-05
GPU Iteration: 2825  dt=3e-08  t=8.475e-05
GPU Iteration: 2826  dt=3e-08  t=8.478e-05
GPU Iteration: 2827  dt=3e-08  t=8.481e-05
GPU Iteration: 2828  dt=3e-08  t=8.484e-05
GPU Iteration: 2829  dt=3e-08  t=8.487e-05
GPU Iteration: 2830  dt=3e-08  t=8.49e-05
GPU Iteration: 2831  dt=3e-08  t=8.493e-05
GPU Iteration: 2832  dt=3e-08  t=8.496e-05
GPU Iteration: 2833  dt=3e-08  t=8.499e-05
GPU Iteration: 2834  dt=3e-08  t=8.502e-05
GPU Loop time: 810.203
GPU reaction scheduler rank=0 mode=dynamic dynamic_launches=2754 bucket_evaluations=142 bucket_bypasses=4 worker_blocks=426 chunk=32
Loop time: 810.435
Total Time: 830
